-- phpMyAdmin SQL Dump
-- version 5.2.1
-- https://www.phpmyadmin.net/
--
-- Host: 127.0.0.1
-- Generation Time: Dec 13, 2025 at 07:00 PM
-- Server version: 8.4.3
-- PHP Version: 8.2.12

SET SQL_MODE = "NO_AUTO_VALUE_ON_ZERO";
START TRANSACTION;
SET time_zone = "+00:00";


/*!40101 SET @OLD_CHARACTER_SET_CLIENT=@@CHARACTER_SET_CLIENT */;
/*!40101 SET @OLD_CHARACTER_SET_RESULTS=@@CHARACTER_SET_RESULTS */;
/*!40101 SET @OLD_COLLATION_CONNECTION=@@COLLATION_CONNECTION */;
/*!40101 SET NAMES utf8mb4 */;

--
-- Database: `sim_sekolah`
--

-- --------------------------------------------------------

--
-- Table structure for table `guru_mata_pelajaran`
--

CREATE TABLE `guru_mata_pelajaran` (
  `id` int NOT NULL,
  `id_guru` int NOT NULL,
  `id_mapel` int NOT NULL,
  `id_kelas` int NOT NULL
) ENGINE=InnoDB DEFAULT CHARSET=utf8mb4 COLLATE=utf8mb4_general_ci;

--
-- Dumping data for table `guru_mata_pelajaran`
--

INSERT INTO `guru_mata_pelajaran` (`id`, `id_guru`, `id_mapel`, `id_kelas`) VALUES
(44, 2, 4, 5),
(74, 2, 4, 8),
(66, 2, 6, 7),
(70, 2, 10, 7),
(3, 3, 3, 1),
(24, 3, 4, 3),
(54, 3, 4, 6),
(35, 3, 5, 4),
(38, 3, 8, 4),
(68, 3, 8, 7),
(29, 3, 9, 3),
(40, 3, 10, 4),
(41, 4, 1, 5),
(61, 4, 1, 7),
(81, 4, 1, 9),
(22, 4, 2, 3),
(33, 4, 3, 4),
(53, 4, 3, 6),
(5, 4, 5, 1),
(26, 4, 6, 3),
(77, 4, 7, 8),
(10, 4, 10, 1),
(50, 4, 10, 5),
(2, 5, 2, 1),
(23, 5, 3, 3),
(73, 5, 3, 8),
(83, 5, 3, 9),
(45, 5, 5, 5),
(76, 5, 6, 8),
(48, 5, 8, 5),
(80, 5, 10, 8),
(52, 6, 2, 6),
(82, 6, 2, 9),
(13, 6, 3, 2),
(4, 6, 4, 1),
(18, 6, 8, 2),
(28, 6, 8, 3),
(58, 6, 8, 6),
(49, 6, 9, 5),
(85, 7, 5, 9),
(56, 7, 6, 6),
(30, 7, 10, 3),
(43, 8, 3, 5),
(86, 8, 6, 9),
(17, 8, 7, 2),
(87, 8, 7, 9),
(78, 8, 8, 8),
(19, 8, 9, 2),
(79, 8, 9, 8),
(12, 9, 2, 2),
(72, 9, 2, 8),
(14, 9, 4, 2),
(55, 9, 5, 6),
(7, 9, 7, 1),
(27, 9, 7, 3),
(9, 9, 9, 1),
(20, 9, 10, 2),
(21, 10, 1, 3),
(51, 10, 1, 6),
(16, 10, 6, 2),
(36, 10, 6, 4),
(39, 10, 9, 4),
(59, 10, 9, 6),
(71, 11, 1, 8),
(32, 11, 2, 4),
(42, 11, 2, 5),
(63, 11, 3, 7),
(64, 11, 4, 7),
(75, 11, 5, 8),
(46, 11, 6, 5),
(67, 11, 7, 7),
(89, 11, 9, 9),
(60, 11, 10, 6),
(31, 12, 1, 4),
(62, 12, 2, 7),
(34, 12, 4, 4),
(25, 12, 5, 3),
(88, 12, 8, 9),
(84, 13, 4, 9),
(6, 13, 6, 1),
(47, 13, 7, 5),
(57, 13, 7, 6),
(1, 14, 1, 1),
(65, 14, 5, 7),
(69, 14, 9, 7),
(11, 16, 1, 2),
(15, 16, 5, 2),
(37, 16, 7, 4),
(8, 16, 8, 1),
(90, 16, 10, 9);

-- --------------------------------------------------------

--
-- Table structure for table `kelas`
--

CREATE TABLE `kelas` (
  `id` int NOT NULL,
  `id_guru` int DEFAULT NULL,
  `nama_kelas` varchar(255) COLLATE utf8mb4_general_ci NOT NULL,
  `tingkat` enum('7','8','9') COLLATE utf8mb4_general_ci NOT NULL
) ENGINE=InnoDB DEFAULT CHARSET=utf8mb4 COLLATE=utf8mb4_general_ci;

--
-- Dumping data for table `kelas`
--

INSERT INTO `kelas` (`id`, `id_guru`, `nama_kelas`, `tingkat`) VALUES
(1, 2, '8F', '8'),
(2, 3, '7B', '7'),
(3, 4, '7C', '7'),
(4, 5, '8A', '8'),
(5, 6, '8B', '8'),
(6, 7, '8C', '8'),
(7, 8, '9A', '9'),
(8, 9, '9B', '9'),
(9, 10, '9C', '9');

-- --------------------------------------------------------

--
-- Table structure for table `mata_pelajaran`
--

CREATE TABLE `mata_pelajaran` (
  `id` int NOT NULL,
  `mata_pelajaran` varchar(255) COLLATE utf8mb4_general_ci NOT NULL,
  `kkm` int NOT NULL
) ENGINE=InnoDB DEFAULT CHARSET=utf8mb4 COLLATE=utf8mb4_general_ci;

--
-- Dumping data for table `mata_pelajaran`
--

INSERT INTO `mata_pelajaran` (`id`, `mata_pelajaran`, `kkm`) VALUES
(1, 'Matematika', 75),
(2, 'Bahasa Indonesia', 75),
(3, 'Bahasa Inggris', 80),
(4, 'IPA', 75),
(5, 'IPS', 75),
(6, 'PKn', 75),
(7, 'Penjaskes', 75),
(8, 'Seni Budaya', 75),
(9, 'Prakarya', 75),
(10, 'Agama', 75);

-- --------------------------------------------------------

--
-- Table structure for table `penilaian`
--

CREATE TABLE `penilaian` (
  `id` int NOT NULL,
  `id_siswa` int NOT NULL,
  `id_mapel` int NOT NULL,
  `id_guru` int NOT NULL,
  `semester` enum('ganjil','genap') COLLATE utf8mb4_general_ci NOT NULL,
  `nilai_harian_1` decimal(5,2) DEFAULT NULL,
  `nilai_harian_2` decimal(5,2) DEFAULT NULL,
  `nilai_harian_3` decimal(5,2) DEFAULT NULL,
  `nilai_UTS` decimal(5,2) DEFAULT NULL,
  `nilai_harian_4` decimal(5,2) DEFAULT NULL,
  `nilai_harian_5` decimal(5,2) DEFAULT NULL,
  `nilai_harian_6` decimal(5,2) DEFAULT NULL,
  `nilai_UAS` decimal(5,2) DEFAULT NULL,
  `nilai_Akhir` decimal(5,2) DEFAULT NULL,
  `tahun_ajaran` varchar(255) COLLATE utf8mb4_general_ci NOT NULL DEFAULT '2024/2025'
) ENGINE=InnoDB DEFAULT CHARSET=utf8mb4 COLLATE=utf8mb4_general_ci;

--
-- Dumping data for table `penilaian`
--

INSERT INTO `penilaian` (`id`, `id_siswa`, `id_mapel`, `id_guru`, `semester`, `nilai_harian_1`, `nilai_harian_2`, `nilai_harian_3`, `nilai_UTS`, `nilai_harian_4`, `nilai_harian_5`, `nilai_harian_6`, `nilai_UAS`, `nilai_Akhir`, `tahun_ajaran`) VALUES
(1, 1, 1, 14, 'ganjil', 86.00, 94.00, 98.00, 78.00, 86.00, 96.00, 69.00, 72.00, 80.30, '2024/2025'),
(2, 1, 2, 5, 'ganjil', 83.00, 94.00, 99.00, 98.00, 73.00, 75.00, 78.00, 90.00, 91.00, '2024/2025'),
(3, 1, 3, 3, 'ganjil', 98.00, 89.00, 97.00, 65.00, 86.00, 84.00, 71.00, 70.00, 75.00, '2024/2025'),
(4, 1, 4, 6, 'ganjil', 70.00, 76.00, 69.00, 69.00, 84.00, 99.00, 90.00, 86.00, 78.00, '2024/2025'),
(5, 1, 5, 4, 'ganjil', 83.00, 92.00, 99.00, 80.00, 64.00, 100.00, 81.00, 90.00, 86.00, '2024/2025'),
(6, 1, 6, 13, 'ganjil', 60.00, 85.00, 81.00, 88.00, 88.00, 68.00, 71.00, 84.00, 83.00, '2024/2025'),
(7, 1, 7, 9, 'ganjil', 82.00, 63.00, 88.00, 73.00, 83.00, 80.00, 71.00, 75.00, 76.00, '2024/2025'),
(8, 1, 8, 16, 'ganjil', 94.00, 95.00, 96.00, 98.00, 98.00, 62.00, 62.00, 71.00, 86.00, '2024/2025'),
(9, 1, 9, 9, 'ganjil', 94.00, 93.00, 65.00, 88.00, 74.00, 75.00, 95.00, 74.00, 81.00, '2024/2025'),
(10, 1, 10, 4, 'ganjil', 86.00, 64.00, 91.00, 78.00, 65.00, 62.00, 66.00, 97.00, 83.00, '2024/2025'),
(11, 2, 1, 14, 'ganjil', 65.00, 84.00, 66.00, 72.00, 86.00, 97.00, 71.00, 72.00, 74.50, '2024/2025'),
(12, 2, 2, 5, 'ganjil', 74.00, 70.00, 85.00, 96.00, 98.00, 83.00, 85.00, 72.00, 83.00, '2024/2025'),
(13, 2, 3, 3, 'ganjil', 79.00, 78.00, 77.00, 60.00, 72.00, 89.00, 62.00, 60.00, 66.00, '2024/2025'),
(14, 2, 4, 6, 'ganjil', 79.00, 77.00, 78.00, 64.00, 77.00, 71.00, 60.00, 66.00, 69.00, '2024/2025'),
(15, 2, 5, 4, 'ganjil', 87.00, 78.00, 75.00, 100.00, 93.00, 92.00, 60.00, 61.00, 82.00, '2024/2025'),
(16, 2, 6, 13, 'ganjil', 81.00, 82.00, 66.00, 93.00, 66.00, 62.00, 71.00, 61.00, 75.00, '2024/2025'),
(17, 2, 7, 9, 'ganjil', 78.00, 68.00, 98.00, 98.00, 96.00, 85.00, 83.00, 86.00, 90.00, '2024/2025'),
(18, 2, 8, 16, 'ganjil', 70.00, 90.00, 69.00, 95.00, 71.00, 91.00, 94.00, 82.00, 85.00, '2024/2025'),
(19, 2, 9, 9, 'ganjil', 87.00, 88.00, 86.00, 95.00, 95.00, 87.00, 69.00, 66.00, 83.00, '2024/2025'),
(20, 2, 10, 4, 'ganjil', 64.00, 77.00, 61.00, 83.00, 100.00, 69.00, 69.00, 61.00, 73.00, '2024/2025'),
(21, 3, 1, 14, 'ganjil', 91.00, 98.00, 68.00, 74.00, 69.00, 67.00, 100.00, 87.00, 81.20, '2024/2025'),
(22, 3, 2, 5, 'ganjil', 81.00, 88.00, 80.00, 73.00, 79.00, 74.00, 63.00, 96.00, 83.00, '2024/2025'),
(23, 3, 3, 3, 'ganjil', 100.00, 78.00, 65.00, 68.00, 70.00, 61.00, 97.00, 77.00, 73.00, '2024/2025'),
(24, 3, 4, 6, 'ganjil', 90.00, 81.00, 84.00, 87.00, 76.00, 87.00, 77.00, 62.00, 78.00, '2024/2025'),
(25, 3, 5, 4, 'ganjil', 60.00, 72.00, 72.00, 79.00, 99.00, 71.00, 67.00, 75.00, 76.00, '2024/2025'),
(26, 3, 6, 13, 'ganjil', 71.00, 77.00, 63.00, 79.00, 76.00, 100.00, 78.00, 70.00, 75.00, '2024/2025'),
(27, 3, 7, 9, 'ganjil', 84.00, 75.00, 92.00, 84.00, 74.00, 64.00, 83.00, 88.00, 83.00, '2024/2025'),
(28, 3, 8, 16, 'ganjil', 75.00, 88.00, 72.00, 85.00, 98.00, 63.00, 64.00, 88.00, 84.00, '2024/2025'),
(29, 3, 9, 9, 'ganjil', 76.00, 91.00, 92.00, 92.00, 95.00, 96.00, 73.00, 84.00, 89.00, '2024/2025'),
(30, 3, 10, 4, 'ganjil', 94.00, 88.00, 61.00, 88.00, 77.00, 94.00, 63.00, 95.00, 89.00, '2024/2025'),
(31, 4, 1, 14, 'ganjil', 94.00, 97.00, 72.00, 72.00, 99.00, 61.00, 99.00, 72.00, 78.00, '2024/2025'),
(32, 4, 2, 5, 'ganjil', 98.00, 67.00, 62.00, 74.00, 83.00, 77.00, 69.00, 83.00, 78.00, '2024/2025'),
(33, 4, 3, 3, 'ganjil', 96.00, 88.00, 80.00, 81.00, 60.00, 92.00, 87.00, 81.00, 82.00, '2024/2025'),
(34, 4, 4, 6, 'ganjil', 91.00, 80.00, 72.00, 92.00, 92.00, 71.00, 80.00, 72.00, 82.00, '2024/2025'),
(35, 4, 5, 4, 'ganjil', 78.00, 61.00, 83.00, 61.00, 82.00, 99.00, 77.00, 93.00, 78.00, '2024/2025'),
(36, 4, 6, 13, 'ganjil', 66.00, 62.00, 97.00, 69.00, 100.00, 80.00, 72.00, 86.00, 79.00, '2024/2025'),
(37, 4, 7, 9, 'ganjil', 85.00, 100.00, 64.00, 65.00, 75.00, 68.00, 91.00, 86.00, 76.00, '2024/2025'),
(38, 4, 8, 16, 'ganjil', 99.00, 83.00, 64.00, 89.00, 89.00, 86.00, 64.00, 94.00, 89.00, '2024/2025'),
(39, 4, 9, 9, 'ganjil', 93.00, 70.00, 94.00, 63.00, 73.00, 99.00, 90.00, 60.00, 70.00, '2024/2025'),
(40, 4, 10, 4, 'ganjil', 100.00, 91.00, 97.00, 85.00, 78.00, 83.00, 76.00, 64.00, 80.00, '2024/2025'),
(41, 5, 1, 14, 'ganjil', 67.00, 91.00, 100.00, 74.00, 81.00, 88.00, 93.00, 82.00, 81.50, '2024/2025'),
(42, 5, 2, 5, 'ganjil', 65.00, 60.00, 61.00, 80.00, 93.00, 88.00, 99.00, 62.00, 72.00, '2024/2025'),
(43, 5, 3, 3, 'ganjil', 83.00, 86.00, 60.00, 63.00, 100.00, 87.00, 99.00, 63.00, 70.00, '2024/2025'),
(44, 5, 4, 6, 'ganjil', 100.00, 98.00, 87.00, 92.00, 73.00, 89.00, 96.00, 76.00, 86.00, '2024/2025'),
(45, 5, 5, 4, 'ganjil', 74.00, 98.00, 84.00, 62.00, 75.00, 95.00, 77.00, 73.00, 73.00, '2024/2025'),
(46, 5, 6, 13, 'ganjil', 90.00, 75.00, 77.00, 74.00, 66.00, 86.00, 73.00, 98.00, 84.00, '2024/2025'),
(47, 5, 7, 9, 'ganjil', 72.00, 96.00, 78.00, 69.00, 85.00, 71.00, 95.00, 64.00, 71.00, '2024/2025'),
(48, 5, 8, 16, 'ganjil', 78.00, 75.00, 68.00, 78.00, 83.00, 73.00, 87.00, 98.00, 84.00, '2024/2025'),
(49, 5, 9, 9, 'ganjil', 70.00, 75.00, 88.00, 91.00, 85.00, 83.00, 94.00, 63.00, 78.00, '2024/2025'),
(50, 5, 10, 4, 'ganjil', 92.00, 81.00, 79.00, 75.00, 84.00, 95.00, 95.00, 81.00, 81.00, '2024/2025'),
(51, 6, 1, 16, 'ganjil', 96.00, 73.00, 84.00, 86.00, 98.00, 85.00, 68.00, 63.00, 79.00, '2024/2025'),
(52, 6, 2, 9, 'ganjil', 76.00, 83.00, 84.00, 95.00, 100.00, 64.00, 94.00, 69.00, 82.00, '2024/2025'),
(53, 6, 3, 6, 'ganjil', 77.00, 80.00, 69.00, 89.00, 89.00, 95.00, 73.00, 74.00, 82.00, '2024/2025'),
(54, 6, 4, 9, 'ganjil', 69.00, 74.00, 91.00, 86.00, 78.00, 75.00, 73.00, 88.00, 84.00, '2024/2025'),
(55, 6, 5, 16, 'ganjil', 82.00, 70.00, 81.00, 64.00, 72.00, 62.00, 70.00, 82.00, 73.00, '2024/2025'),
(56, 6, 6, 10, 'ganjil', 74.00, 96.00, 83.00, 67.00, 63.00, 78.00, 67.00, 92.00, 79.00, '2024/2025'),
(57, 6, 7, 8, 'ganjil', 98.00, 95.00, 69.00, 89.00, 98.00, 62.00, 67.00, 65.00, 79.00, '2024/2025'),
(58, 6, 8, 6, 'ganjil', 81.00, 96.00, 66.00, 95.00, 93.00, 90.00, 85.00, 72.00, 84.00, '2024/2025'),
(59, 6, 9, 8, 'ganjil', 70.00, 98.00, 85.00, 84.00, 61.00, 75.00, 60.00, 60.00, 74.00, '2024/2025'),
(60, 6, 10, 9, 'ganjil', 98.00, 62.00, 63.00, 84.00, 70.00, 93.00, 83.00, 90.00, 84.00, '2024/2025'),
(61, 7, 1, 16, 'ganjil', 65.00, 83.00, 66.00, 96.00, 69.00, 83.00, 95.00, 73.00, 81.00, '2024/2025'),
(62, 7, 2, 9, 'ganjil', 84.00, 79.00, 73.00, 85.00, 62.00, 75.00, 60.00, 75.00, 78.00, '2024/2025'),
(63, 7, 3, 6, 'ganjil', 94.00, 68.00, 93.00, 76.00, 89.00, 72.00, 76.00, 92.00, 84.00, '2024/2025'),
(64, 7, 4, 9, 'ganjil', 86.00, 91.00, 72.00, 79.00, 62.00, 69.00, 87.00, 95.00, 83.00, '2024/2025'),
(65, 7, 5, 16, 'ganjil', 66.00, 73.00, 86.00, 91.00, 87.00, 70.00, 83.00, 89.00, 85.00, '2024/2025'),
(66, 7, 6, 10, 'ganjil', 61.00, 94.00, 78.00, 75.00, 86.00, 97.00, 96.00, 72.00, 77.00, '2024/2025'),
(67, 7, 7, 8, 'ganjil', 95.00, 86.00, 70.00, 84.00, 82.00, 70.00, 88.00, 63.00, 76.00, '2024/2025'),
(68, 7, 8, 6, 'ganjil', 61.00, 100.00, 73.00, 67.00, 84.00, 75.00, 82.00, 79.00, 75.00, '2024/2025'),
(69, 7, 9, 8, 'ganjil', 80.00, 81.00, 60.00, 86.00, 76.00, 74.00, 83.00, 84.00, 81.00, '2024/2025'),
(70, 7, 10, 9, 'ganjil', 83.00, 68.00, 73.00, 98.00, 65.00, 63.00, 80.00, 67.00, 78.00, '2024/2025'),
(71, 8, 1, 16, 'ganjil', 74.00, 72.00, 68.00, 98.00, 63.00, 98.00, 73.00, 100.00, 91.00, '2024/2025'),
(72, 8, 2, 9, 'ganjil', 93.00, 85.00, 73.00, 77.00, 72.00, 85.00, 81.00, 60.00, 73.00, '2024/2025'),
(73, 8, 3, 6, 'ganjil', 88.00, 90.00, 67.00, 69.00, 72.00, 94.00, 74.00, 87.00, 79.00, '2024/2025'),
(74, 8, 4, 9, 'ganjil', 64.00, 75.00, 100.00, 81.00, 78.00, 78.00, 74.00, 89.00, 83.00, '2024/2025'),
(75, 8, 5, 16, 'ganjil', 82.00, 98.00, 75.00, 71.00, 88.00, 90.00, 93.00, 75.00, 78.00, '2024/2025'),
(76, 8, 6, 10, 'ganjil', 95.00, 87.00, 91.00, 91.00, 91.00, 61.00, 71.00, 98.00, 91.00, '2024/2025'),
(77, 8, 7, 8, 'ganjil', 100.00, 69.00, 90.00, 70.00, 77.00, 76.00, 100.00, 77.00, 76.00, '2024/2025'),
(78, 8, 8, 6, 'ganjil', 89.00, 61.00, 67.00, 70.00, 97.00, 94.00, 80.00, 62.00, 71.00, '2024/2025'),
(79, 8, 9, 8, 'ganjil', 67.00, 91.00, 100.00, 83.00, 64.00, 88.00, 64.00, 93.00, 86.00, '2024/2025'),
(80, 8, 10, 9, 'ganjil', 86.00, 93.00, 65.00, 98.00, 73.00, 80.00, 76.00, 98.00, 92.00, '2024/2025'),
(81, 9, 1, 16, 'ganjil', 68.00, 79.00, 60.00, 74.00, 88.00, 87.00, 78.00, 86.00, 79.00, '2024/2025'),
(82, 9, 2, 9, 'ganjil', 72.00, 68.00, 70.00, 74.00, 98.00, 65.00, 81.00, 91.00, 80.00, '2024/2025'),
(83, 9, 3, 6, 'ganjil', 98.00, 60.00, 81.00, 83.00, 81.00, 66.00, 76.00, 76.00, 79.00, '2024/2025'),
(84, 9, 4, 9, 'ganjil', 72.00, 62.00, 98.00, 84.00, 94.00, 81.00, 62.00, 93.00, 86.00, '2024/2025'),
(85, 9, 5, 16, 'ganjil', 79.00, 61.00, 64.00, 82.00, 90.00, 74.00, 89.00, 62.00, 73.00, '2024/2025'),
(86, 9, 6, 10, 'ganjil', 80.00, 68.00, 79.00, 90.00, 83.00, 65.00, 95.00, 99.00, 88.00, '2024/2025'),
(87, 9, 7, 8, 'ganjil', 94.00, 78.00, 100.00, 83.00, 63.00, 73.00, 60.00, 73.00, 79.00, '2024/2025'),
(88, 9, 8, 6, 'ganjil', 71.00, 64.00, 96.00, 87.00, 97.00, 72.00, 91.00, 92.00, 86.00, '2024/2025'),
(89, 9, 9, 8, 'ganjil', 60.00, 72.00, 98.00, 65.00, 96.00, 72.00, 87.00, 75.00, 73.00, '2024/2025'),
(90, 9, 10, 9, 'ganjil', 92.00, 80.00, 60.00, 61.00, 65.00, 95.00, 100.00, 85.00, 75.00, '2024/2025'),
(91, 10, 1, 16, 'ganjil', 62.00, 64.00, 91.00, 67.00, 67.00, 64.00, 77.00, 91.00, 76.00, '2024/2025'),
(92, 10, 2, 9, 'ganjil', 81.00, 90.00, 62.00, 60.00, 85.00, 100.00, 74.00, 74.00, 73.00, '2024/2025'),
(93, 10, 3, 6, 'ganjil', 83.00, 95.00, 85.00, 81.00, 77.00, 74.00, 96.00, 69.00, 78.00, '2024/2025'),
(94, 10, 4, 9, 'ganjil', 82.00, 70.00, 80.00, 75.00, 80.00, 71.00, 83.00, 100.00, 84.00, '2024/2025'),
(95, 10, 5, 16, 'ganjil', 78.00, 77.00, 65.00, 70.00, 80.00, 74.00, 100.00, 79.00, 75.00, '2024/2025'),
(96, 10, 6, 10, 'ganjil', 91.00, 77.00, 100.00, 68.00, 99.00, 84.00, 88.00, 81.00, 80.00, '2024/2025'),
(97, 10, 7, 8, 'ganjil', 61.00, 73.00, 68.00, 72.00, 83.00, 73.00, 65.00, 84.00, 76.00, '2024/2025'),
(98, 10, 8, 6, 'ganjil', 61.00, 85.00, 64.00, 62.00, 61.00, 70.00, 88.00, 87.00, 72.00, '2024/2025'),
(99, 10, 9, 8, 'ganjil', 99.00, 79.00, 70.00, 87.00, 67.00, 77.00, 61.00, 92.00, 86.00, '2024/2025'),
(100, 10, 10, 9, 'ganjil', 92.00, 81.00, 89.00, 71.00, 74.00, 80.00, 68.00, 61.00, 72.00, '2024/2025'),
(101, 11, 1, 10, 'ganjil', 90.00, 72.00, 79.00, 95.00, 67.00, 91.00, 76.00, 63.00, 79.00, '2024/2025'),
(102, 11, 2, 4, 'ganjil', 86.00, 94.00, 63.00, 61.00, 66.00, 66.00, 80.00, 91.00, 76.00, '2024/2025'),
(103, 11, 3, 5, 'ganjil', 76.00, 97.00, 70.00, 100.00, 88.00, 89.00, 99.00, 60.00, 81.00, '2024/2025'),
(104, 11, 4, 3, 'ganjil', 83.00, 95.00, 91.00, 85.00, 76.00, 76.00, 62.00, 87.00, 85.00, '2024/2025'),
(105, 11, 5, 12, 'ganjil', 83.00, 81.00, 89.00, 87.00, 61.00, 95.00, 86.00, 87.00, 85.00, '2024/2025'),
(106, 11, 6, 4, 'ganjil', 88.00, 98.00, 87.00, 73.00, 88.00, 68.00, 91.00, 86.00, 82.00, '2024/2025'),
(107, 11, 7, 9, 'ganjil', 95.00, 64.00, 80.00, 83.00, 70.00, 87.00, 65.00, 61.00, 74.00, '2024/2025'),
(108, 11, 8, 6, 'ganjil', 74.00, 71.00, 71.00, 93.00, 77.00, 99.00, 80.00, 62.00, 78.00, '2024/2025'),
(109, 11, 9, 3, 'ganjil', 91.00, 68.00, 76.00, 67.00, 86.00, 99.00, 60.00, 70.00, 74.00, '2024/2025'),
(110, 11, 10, 7, 'ganjil', 69.00, 95.00, 94.00, 79.00, 81.00, 84.00, 73.00, 76.00, 80.00, '2024/2025'),
(111, 12, 1, 10, 'ganjil', 97.00, 72.00, 63.00, 83.00, 64.00, 96.00, 89.00, 73.00, 78.00, '2024/2025'),
(112, 12, 2, 4, 'ganjil', 81.00, 72.00, 73.00, 87.00, 89.00, 74.00, 87.00, 100.00, 88.00, '2024/2025'),
(113, 12, 3, 5, 'ganjil', 99.00, 82.00, 100.00, 83.00, 83.00, 61.00, 70.00, 77.00, 82.00, '2024/2025'),
(114, 12, 4, 3, 'ganjil', 77.00, 88.00, 93.00, 62.00, 79.00, 80.00, 75.00, 96.00, 80.00, '2024/2025'),
(115, 12, 5, 12, 'ganjil', 73.00, 96.00, 67.00, 66.00, 60.00, 86.00, 93.00, 69.00, 70.00, '2024/2025'),
(116, 12, 6, 4, 'ganjil', 73.00, 61.00, 96.00, 73.00, 94.00, 89.00, 72.00, 80.00, 79.00, '2024/2025'),
(117, 12, 7, 9, 'ganjil', 65.00, 82.00, 94.00, 82.00, 98.00, 94.00, 78.00, 82.00, 84.00, '2024/2025'),
(118, 12, 8, 6, 'ganjil', 69.00, 80.00, 98.00, 91.00, 74.00, 78.00, 60.00, 62.00, 78.00, '2024/2025'),
(119, 12, 9, 3, 'ganjil', 67.00, 84.00, 66.00, 87.00, 89.00, 68.00, 66.00, 84.00, 82.00, '2024/2025'),
(120, 12, 10, 7, 'ganjil', 82.00, 77.00, 63.00, 62.00, 78.00, 90.00, 82.00, 63.00, 68.00, '2024/2025'),
(121, 13, 1, 10, 'ganjil', 65.00, 74.00, 66.00, 62.00, 93.00, 89.00, 80.00, 70.00, 70.00, '2024/2025'),
(122, 13, 2, 4, 'ganjil', 69.00, 98.00, 68.00, 76.00, 78.00, 87.00, 77.00, 62.00, 73.00, '2024/2025'),
(123, 13, 3, 5, 'ganjil', 83.00, 66.00, 87.00, 75.00, 69.00, 94.00, 92.00, 64.00, 73.00, '2024/2025'),
(124, 13, 4, 3, 'ganjil', 94.00, 70.00, 64.00, 98.00, 68.00, 62.00, 84.00, 65.00, 78.00, '2024/2025'),
(125, 13, 5, 12, 'ganjil', 82.00, 93.00, 96.00, 62.00, 70.00, 76.00, 61.00, 88.00, 78.00, '2024/2025'),
(126, 13, 6, 4, 'ganjil', 99.00, 100.00, 88.00, 71.00, 91.00, 94.00, 100.00, 71.00, 79.00, '2024/2025'),
(127, 13, 7, 9, 'ganjil', 73.00, 81.00, 97.00, 95.00, 89.00, 77.00, 64.00, 91.00, 90.00, '2024/2025'),
(128, 13, 8, 6, 'ganjil', 90.00, 74.00, 66.00, 89.00, 90.00, 90.00, 93.00, 65.00, 79.00, '2024/2025'),
(129, 13, 9, 3, 'ganjil', 86.00, 76.00, 85.00, 90.00, 75.00, 98.00, 89.00, 85.00, 86.00, '2024/2025'),
(130, 13, 10, 7, 'ganjil', 100.00, 84.00, 67.00, 60.00, 60.00, 91.00, 76.00, 67.00, 69.00, '2024/2025'),
(131, 14, 1, 10, 'ganjil', 60.00, 89.00, 63.00, 64.00, 77.00, 64.00, 66.00, 100.00, 78.00, '2024/2025'),
(132, 14, 2, 4, 'ganjil', 82.00, 79.00, 77.00, 76.00, 95.00, 86.00, 84.00, 66.00, 75.00, '2024/2025'),
(133, 14, 3, 5, 'ganjil', 86.00, 87.00, 87.00, 95.00, 67.00, 74.00, 87.00, 65.00, 80.00, '2024/2025'),
(134, 14, 4, 3, 'ganjil', 60.00, 89.00, 94.00, 66.00, 77.00, 95.00, 99.00, 77.00, 75.00, '2024/2025'),
(135, 14, 5, 12, 'ganjil', 99.00, 64.00, 90.00, 98.00, 99.00, 62.00, 72.00, 77.00, 86.00, '2024/2025'),
(136, 14, 6, 4, 'ganjil', 60.00, 99.00, 65.00, 87.00, 83.00, 61.00, 69.00, 85.00, 82.00, '2024/2025'),
(137, 14, 7, 9, 'ganjil', 97.00, 61.00, 77.00, 99.00, 68.00, 92.00, 83.00, 71.00, 83.00, '2024/2025'),
(138, 14, 8, 6, 'ganjil', 83.00, 88.00, 89.00, 67.00, 72.00, 99.00, 83.00, 90.00, 81.00, '2024/2025'),
(139, 14, 9, 3, 'ganjil', 82.00, 72.00, 61.00, 86.00, 66.00, 89.00, 64.00, 85.00, 82.00, '2024/2025'),
(140, 14, 10, 7, 'ganjil', 68.00, 96.00, 96.00, 63.00, 81.00, 69.00, 90.00, 66.00, 70.00, '2024/2025'),
(141, 15, 1, 10, 'ganjil', 86.00, 76.00, 74.00, 93.00, 60.00, 85.00, 72.00, 62.00, 77.00, '2024/2025'),
(142, 15, 2, 4, 'ganjil', 85.00, 76.00, 87.00, 100.00, 63.00, 93.00, 71.00, 100.00, 94.00, '2024/2025'),
(143, 15, 3, 5, 'ganjil', 85.00, 61.00, 71.00, 60.00, 96.00, 64.00, 89.00, 71.00, 69.00, '2024/2025'),
(144, 15, 4, 3, 'ganjil', 80.00, 82.00, 66.00, 68.00, 95.00, 68.00, 64.00, 66.00, 71.00, '2024/2025'),
(145, 15, 5, 12, 'ganjil', 71.00, 82.00, 78.00, 75.00, 79.00, 74.00, 85.00, 78.00, 77.00, '2024/2025'),
(146, 15, 6, 4, 'ganjil', 85.00, 80.00, 60.00, 62.00, 96.00, 73.00, 89.00, 99.00, 80.00, '2024/2025'),
(147, 15, 7, 9, 'ganjil', 93.00, 88.00, 95.00, 82.00, 92.00, 93.00, 66.00, 61.00, 78.00, '2024/2025'),
(148, 15, 8, 6, 'ganjil', 72.00, 68.00, 69.00, 70.00, 71.00, 61.00, 74.00, 88.00, 75.00, '2024/2025'),
(149, 15, 9, 3, 'ganjil', 65.00, 69.00, 77.00, 78.00, 99.00, 63.00, 89.00, 76.00, 76.00, '2024/2025'),
(150, 15, 10, 7, 'ganjil', 98.00, 80.00, 95.00, 92.00, 83.00, 76.00, 96.00, 84.00, 87.00, '2024/2025'),
(151, 16, 1, 12, 'ganjil', 94.00, 64.00, 74.00, 78.00, 73.00, 88.00, 61.00, 78.00, 78.00, '2024/2025'),
(152, 16, 2, 11, 'ganjil', 83.00, 86.00, 75.00, 62.00, 93.00, 94.00, 82.00, 71.00, 73.00, '2024/2025'),
(153, 16, 3, 4, 'ganjil', 74.00, 80.00, 75.00, 100.00, 87.00, 78.00, 73.00, 83.00, 87.00, '2024/2025'),
(154, 16, 4, 12, 'ganjil', 90.00, 86.00, 60.00, 97.00, 87.00, 93.00, 74.00, 97.00, 92.00, '2024/2025'),
(155, 16, 5, 3, 'ganjil', 60.00, 96.00, 100.00, 76.00, 94.00, 78.00, 96.00, 95.00, 86.00, '2024/2025'),
(156, 16, 6, 10, 'ganjil', 79.00, 87.00, 70.00, 65.00, 76.00, 62.00, 72.00, 75.00, 72.00, '2024/2025'),
(157, 16, 7, 16, 'ganjil', 63.00, 81.00, 92.00, 91.00, 97.00, 94.00, 66.00, 84.00, 87.00, '2024/2025'),
(158, 16, 8, 3, 'ganjil', 92.00, 69.00, 87.00, 93.00, 84.00, 76.00, 90.00, 98.00, 91.00, '2024/2025'),
(159, 16, 9, 10, 'ganjil', 100.00, 96.00, 95.00, 94.00, 79.00, 60.00, 67.00, 99.00, 93.00, '2024/2025'),
(160, 16, 10, 3, 'ganjil', 70.00, 75.00, 68.00, 70.00, 79.00, 67.00, 96.00, 88.00, 77.00, '2024/2025'),
(161, 17, 1, 12, 'ganjil', 78.00, 69.00, 66.00, 98.00, 87.00, 89.00, 96.00, 96.00, 91.00, '2024/2025'),
(162, 17, 2, 11, 'ganjil', 86.00, 74.00, 68.00, 60.00, 88.00, 78.00, 85.00, 65.00, 68.00, '2024/2025'),
(163, 17, 3, 4, 'ganjil', 90.00, 89.00, 95.00, 85.00, 89.00, 89.00, 72.00, 73.00, 83.00, '2024/2025'),
(164, 17, 4, 12, 'ganjil', 88.00, 68.00, 88.00, 92.00, 83.00, 62.00, 64.00, 70.00, 80.00, '2024/2025'),
(165, 17, 5, 3, 'ganjil', 95.00, 97.00, 98.00, 83.00, 60.00, 83.00, 66.00, 76.00, 82.00, '2024/2025'),
(166, 17, 6, 10, 'ganjil', 89.00, 80.00, 71.00, 88.00, 67.00, 84.00, 73.00, 79.00, 82.00, '2024/2025'),
(167, 17, 7, 16, 'ganjil', 73.00, 94.00, 64.00, 80.00, 85.00, 68.00, 62.00, 87.00, 81.00, '2024/2025'),
(168, 17, 8, 3, 'ganjil', 70.00, 64.00, 79.00, 88.00, 83.00, 61.00, 94.00, 63.00, 74.00, '2024/2025'),
(169, 17, 9, 10, 'ganjil', 87.00, 83.00, 91.00, 65.00, 73.00, 60.00, 90.00, 80.00, 75.00, '2024/2025'),
(170, 17, 10, 3, 'ganjil', 90.00, 60.00, 99.00, 63.00, 96.00, 91.00, 78.00, 86.00, 79.00, '2024/2025'),
(171, 18, 1, 12, 'ganjil', 66.00, 98.00, 62.00, 79.00, 66.00, 87.00, 72.00, 74.00, 76.00, '2024/2025'),
(172, 18, 2, 11, 'ganjil', 71.00, 92.00, 76.00, 99.00, 62.00, 63.00, 60.00, 75.00, 82.00, '2024/2025'),
(173, 18, 3, 4, 'ganjil', 98.00, 79.00, 70.00, 78.00, 97.00, 89.00, 64.00, 89.00, 85.00, '2024/2025'),
(174, 18, 4, 12, 'ganjil', 77.00, 70.00, 78.00, 84.00, 93.00, 65.00, 63.00, 73.00, 78.00, '2024/2025'),
(175, 18, 5, 3, 'ganjil', 71.00, 76.00, 87.00, 76.00, 88.00, 86.00, 64.00, 65.00, 74.00, '2024/2025'),
(176, 18, 6, 10, 'ganjil', 84.00, 71.00, 89.00, 95.00, 83.00, 94.00, 64.00, 94.00, 91.00, '2024/2025'),
(177, 18, 7, 16, 'ganjil', 88.00, 72.00, 88.00, 73.00, 82.00, 67.00, 81.00, 80.00, 77.00, '2024/2025'),
(178, 18, 8, 3, 'ganjil', 65.00, 63.00, 95.00, 77.00, 97.00, 79.00, 68.00, 63.00, 73.00, '2024/2025'),
(179, 18, 9, 10, 'ganjil', 92.00, 97.00, 80.00, 88.00, 91.00, 86.00, 85.00, 81.00, 86.00, '2024/2025'),
(180, 18, 10, 3, 'ganjil', 85.00, 92.00, 100.00, 69.00, 60.00, 93.00, 89.00, 67.00, 74.00, '2024/2025'),
(181, 19, 1, 12, 'ganjil', 85.00, 60.00, 69.00, 77.00, 75.00, 78.00, 63.00, 99.00, 83.00, '2024/2025'),
(182, 19, 2, 11, 'ganjil', 73.00, 61.00, 62.00, 100.00, 77.00, 95.00, 81.00, 83.00, 86.00, '2024/2025'),
(183, 19, 3, 4, 'ganjil', 97.00, 98.00, 74.00, 84.00, 64.00, 99.00, 65.00, 62.00, 77.00, '2024/2025'),
(184, 19, 4, 12, 'ganjil', 93.00, 72.00, 92.00, 77.00, 77.00, 70.00, 78.00, 96.00, 85.00, '2024/2025'),
(185, 19, 5, 3, 'ganjil', 61.00, 94.00, 78.00, 60.00, 99.00, 85.00, 64.00, 89.00, 77.00, '2024/2025'),
(186, 19, 6, 10, 'ganjil', 64.00, 80.00, 86.00, 75.00, 76.00, 80.00, 92.00, 92.00, 81.00, '2024/2025'),
(187, 19, 7, 16, 'ganjil', 77.00, 69.00, 96.00, 74.00, 60.00, 88.00, 78.00, 78.00, 77.00, '2024/2025'),
(188, 19, 8, 3, 'ganjil', 71.00, 62.00, 79.00, 61.00, 74.00, 62.00, 87.00, 89.00, 73.00, '2024/2025'),
(189, 19, 9, 10, 'ganjil', 92.00, 73.00, 62.00, 60.00, 89.00, 64.00, 99.00, 65.00, 67.00, '2024/2025'),
(190, 19, 10, 3, 'ganjil', 96.00, 100.00, 89.00, 71.00, 63.00, 66.00, 76.00, 87.00, 80.00, '2024/2025'),
(191, 20, 1, 12, 'ganjil', 63.00, 79.00, 91.00, 98.00, 77.00, 73.00, 73.00, 64.00, 80.00, '2024/2025'),
(192, 20, 2, 11, 'ganjil', 67.00, 99.00, 99.00, 61.00, 68.00, 95.00, 82.00, 76.00, 74.00, '2024/2025'),
(193, 20, 3, 4, 'ganjil', 72.00, 76.00, 89.00, 70.00, 67.00, 93.00, 79.00, 90.00, 80.00, '2024/2025'),
(194, 20, 4, 12, 'ganjil', 77.00, 70.00, 63.00, 91.00, 60.00, 71.00, 89.00, 63.00, 74.00, '2024/2025'),
(195, 20, 5, 3, 'ganjil', 88.00, 68.00, 83.00, 89.00, 78.00, 90.00, 90.00, 85.00, 85.00, '2024/2025'),
(196, 20, 6, 10, 'ganjil', 88.00, 88.00, 78.00, 84.00, 72.00, 61.00, 88.00, 71.00, 77.00, '2024/2025'),
(197, 20, 7, 16, 'ganjil', 63.00, 98.00, 68.00, 73.00, 70.00, 77.00, 61.00, 99.00, 82.00, '2024/2025'),
(198, 20, 8, 3, 'ganjil', 67.00, 74.00, 63.00, 78.00, 70.00, 74.00, 89.00, 93.00, 80.00, '2024/2025'),
(199, 20, 9, 10, 'ganjil', 64.00, 61.00, 76.00, 65.00, 94.00, 80.00, 62.00, 67.00, 69.00, '2024/2025'),
(200, 20, 10, 3, 'ganjil', 64.00, 61.00, 84.00, 87.00, 68.00, 64.00, 84.00, 72.00, 76.00, '2024/2025'),
(201, 21, 1, 4, 'ganjil', 81.00, 67.00, 77.00, 94.00, 94.00, 66.00, 71.00, 86.00, 86.00, '2024/2025'),
(202, 21, 2, 11, 'ganjil', 78.00, 95.00, 90.00, 85.00, 62.00, 84.00, 65.00, 64.00, 77.00, '2024/2025'),
(203, 21, 3, 8, 'ganjil', 80.00, 60.00, 80.00, 90.00, 94.00, 78.00, 96.00, 70.00, 79.00, '2024/2025'),
(204, 21, 4, 2, 'ganjil', 70.00, 61.00, 68.00, 94.00, 83.00, 99.00, 90.00, 73.00, 81.00, '2024/2025'),
(205, 21, 5, 5, 'ganjil', 62.00, 100.00, 94.00, 71.00, 89.00, 64.00, 72.00, 82.00, 78.00, '2024/2025'),
(206, 21, 6, 11, 'ganjil', 99.00, 64.00, 92.00, 94.00, 83.00, 61.00, 64.00, 69.00, 81.00, '2024/2025'),
(207, 21, 7, 13, 'ganjil', 61.00, 93.00, 61.00, 91.00, 63.00, 98.00, 62.00, 69.00, 78.00, '2024/2025'),
(208, 21, 8, 5, 'ganjil', 83.00, 87.00, 66.00, 68.00, 74.00, 91.00, 81.00, 94.00, 81.00, '2024/2025'),
(209, 21, 9, 6, 'ganjil', 95.00, 81.00, 77.00, 100.00, 87.00, 97.00, 61.00, 76.00, 88.00, '2024/2025'),
(210, 21, 10, 4, 'ganjil', 65.00, 98.00, 60.00, 71.00, 84.00, 85.00, 82.00, 60.00, 70.00, '2024/2025'),
(211, 22, 1, 4, 'ganjil', 64.00, 92.00, 91.00, 79.00, 99.00, 89.00, 75.00, 93.00, 86.00, '2024/2025'),
(212, 22, 2, 11, 'ganjil', 85.00, 81.00, 69.00, 78.00, 61.00, 99.00, 88.00, 80.00, 79.00, '2024/2025'),
(213, 22, 3, 8, 'ganjil', 67.00, 86.00, 66.00, 92.00, 70.00, 73.00, 93.00, 87.00, 84.00, '2024/2025'),
(214, 22, 4, 2, 'ganjil', 90.00, 66.00, 89.00, 61.00, 91.00, 84.00, 83.00, 69.00, 71.00, '2024/2025'),
(215, 22, 5, 5, 'ganjil', 94.00, 66.00, 88.00, 64.00, 77.00, 99.00, 64.00, 93.00, 81.00, '2024/2025'),
(216, 22, 6, 11, 'ganjil', 98.00, 83.00, 86.00, 66.00, 74.00, 76.00, 86.00, 67.00, 72.00, '2024/2025'),
(217, 22, 7, 13, 'ganjil', 78.00, 86.00, 77.00, 92.00, 91.00, 61.00, 76.00, 75.00, 82.00, '2024/2025'),
(218, 22, 8, 5, 'ganjil', 92.00, 79.00, 68.00, 97.00, 85.00, 94.00, 82.00, 77.00, 86.00, '2024/2025'),
(219, 22, 9, 6, 'ganjil', 66.00, 89.00, 63.00, 73.00, 92.00, 88.00, 80.00, 94.00, 82.00, '2024/2025'),
(220, 22, 10, 4, 'ganjil', 79.00, 63.00, 97.00, 69.00, 97.00, 89.00, 61.00, 75.00, 76.00, '2024/2025'),
(221, 23, 1, 4, 'ganjil', 77.00, 95.00, 91.00, 69.00, 62.00, 73.00, 82.00, 79.00, 76.00, '2024/2025'),
(222, 23, 2, 11, 'ganjil', 85.00, 84.00, 64.00, 79.00, 76.00, 76.00, 69.00, 67.00, 74.00, '2024/2025'),
(223, 23, 3, 8, 'ganjil', 92.00, 80.00, 93.00, 62.00, 83.00, 76.00, 96.00, 80.00, 76.00, '2024/2025'),
(224, 23, 4, 2, 'ganjil', 88.00, 68.00, 68.00, 99.00, 69.00, 73.00, 89.00, 72.00, 81.00, '2024/2025'),
(225, 23, 5, 5, 'ganjil', 74.00, 60.00, 89.00, 80.00, 71.00, 63.00, 88.00, 100.00, 84.00, '2024/2025'),
(226, 23, 6, 11, 'ganjil', 77.00, 60.00, 85.00, 97.00, 71.00, 90.00, 82.00, 94.00, 89.00, '2024/2025'),
(227, 23, 7, 13, 'ganjil', 65.00, 89.00, 72.00, 67.00, 85.00, 79.00, 77.00, 74.00, 73.00, '2024/2025'),
(228, 23, 8, 5, 'ganjil', 81.00, 67.00, 78.00, 69.00, 66.00, 78.00, 95.00, 92.00, 78.00, '2024/2025'),
(229, 23, 9, 6, 'ganjil', 70.00, 71.00, 85.00, 84.00, 85.00, 99.00, 74.00, 82.00, 83.00, '2024/2025'),
(230, 23, 10, 4, 'ganjil', 65.00, 90.00, 69.00, 90.00, 80.00, 76.00, 81.00, 85.00, 84.00, '2024/2025'),
(231, 24, 1, 4, 'ganjil', 79.00, 87.00, 95.00, 91.00, 82.00, 90.00, 96.00, 90.00, 89.00, '2024/2025'),
(232, 24, 2, 11, 'ganjil', 83.00, 74.00, 79.00, 65.00, 83.00, 71.00, 94.00, 69.00, 71.00, '2024/2025'),
(233, 24, 3, 8, 'ganjil', 71.00, 63.00, 81.00, 70.00, 80.00, 60.00, 86.00, 100.00, 80.00, '2024/2025'),
(234, 24, 4, 2, 'ganjil', 70.00, 71.00, 98.00, 80.00, 63.00, 99.00, 73.00, 100.00, 87.00, '2024/2025'),
(235, 24, 5, 5, 'ganjil', 83.00, 100.00, 62.00, 81.00, 71.00, 72.00, 70.00, 89.00, 83.00, '2024/2025'),
(236, 24, 6, 11, 'ganjil', 70.00, 61.00, 74.00, 72.00, 72.00, 72.00, 72.00, 61.00, 68.00, '2024/2025'),
(237, 24, 7, 13, 'ganjil', 94.00, 79.00, 79.00, 63.00, 97.00, 98.00, 68.00, 62.00, 71.00, '2024/2025'),
(238, 24, 8, 5, 'ganjil', 76.00, 62.00, 95.00, 65.00, 84.00, 73.00, 97.00, 65.00, 69.00, '2024/2025'),
(239, 24, 9, 6, 'ganjil', 84.00, 68.00, 79.00, 72.00, 83.00, 87.00, 89.00, 86.00, 79.00, '2024/2025'),
(240, 24, 10, 4, 'ganjil', 98.00, 88.00, 95.00, 76.00, 67.00, 88.00, 60.00, 60.00, 74.00, '2024/2025'),
(241, 25, 1, 4, 'ganjil', 92.00, 87.00, 85.00, 99.00, 90.00, 61.00, 69.00, 91.00, 91.00, '2024/2025'),
(242, 25, 2, 11, 'ganjil', 80.00, 84.00, 61.00, 65.00, 83.00, 99.00, 90.00, 87.00, 78.00, '2024/2025'),
(243, 25, 3, 8, 'ganjil', 75.00, 90.00, 67.00, 72.00, 83.00, 90.00, 77.00, 68.00, 74.00, '2024/2025'),
(244, 25, 4, 2, 'ganjil', 80.00, 62.00, 88.00, 93.00, 69.00, 66.00, 78.00, 86.00, 84.00, '2024/2025'),
(245, 25, 5, 5, 'ganjil', 79.00, 100.00, 69.00, 91.00, 75.00, 67.00, 79.00, 97.00, 89.00, '2024/2025'),
(246, 25, 6, 11, 'ganjil', 99.00, 61.00, 65.00, 72.00, 67.00, 76.00, 85.00, 79.00, 75.00, '2024/2025'),
(247, 25, 7, 13, 'ganjil', 93.00, 93.00, 72.00, 67.00, 95.00, 85.00, 70.00, 100.00, 85.00, '2024/2025'),
(248, 25, 8, 5, 'ganjil', 70.00, 85.00, 62.00, 95.00, 63.00, 78.00, 95.00, 61.00, 76.00, '2024/2025'),
(249, 25, 9, 6, 'ganjil', 81.00, 95.00, 91.00, 77.00, 100.00, 77.00, 70.00, 86.00, 84.00, '2024/2025'),
(250, 25, 10, 4, 'ganjil', 61.00, 88.00, 86.00, 89.00, 83.00, 97.00, 73.00, 91.00, 88.00, '2024/2025'),
(251, 26, 1, 10, 'ganjil', 69.00, 64.00, 90.00, 98.00, 67.00, 98.00, 83.00, 60.00, 79.00, '2024/2025'),
(252, 26, 2, 6, 'ganjil', 91.00, 87.00, 97.00, 82.00, 80.00, 66.00, 87.00, 68.00, 78.00, '2024/2025'),
(253, 26, 3, 4, 'ganjil', 73.00, 98.00, 81.00, 77.00, 84.00, 78.00, 60.00, 71.00, 77.00, '2024/2025'),
(254, 26, 4, 3, 'ganjil', 74.00, 95.00, 82.00, 67.00, 95.00, 92.00, 85.00, 80.00, 78.00, '2024/2025'),
(255, 26, 5, 9, 'ganjil', 71.00, 65.00, 72.00, 80.00, 85.00, 91.00, 98.00, 85.00, 81.00, '2024/2025'),
(256, 26, 6, 7, 'ganjil', 87.00, 96.00, 85.00, 100.00, 75.00, 88.00, 88.00, 96.00, 94.00, '2024/2025'),
(257, 26, 7, 13, 'ganjil', 74.00, 73.00, 76.00, 83.00, 67.00, 60.00, 71.00, 89.00, 81.00, '2024/2025'),
(258, 26, 8, 6, 'ganjil', 97.00, 74.00, 87.00, 95.00, 97.00, 90.00, 63.00, 90.00, 91.00, '2024/2025'),
(259, 26, 9, 10, 'ganjil', 69.00, 88.00, 63.00, 75.00, 91.00, 85.00, 100.00, 64.00, 73.00, '2024/2025'),
(260, 26, 10, 11, 'ganjil', 82.00, 83.00, 95.00, 85.00, 68.00, 63.00, 95.00, 93.00, 85.00, '2024/2025'),
(261, 27, 1, 10, 'ganjil', 67.00, 82.00, 64.00, 67.00, 79.00, 88.00, 94.00, 78.00, 74.00, '2024/2025'),
(262, 27, 2, 6, 'ganjil', 92.00, 82.00, 92.00, 95.00, 61.00, 95.00, 71.00, 80.00, 86.00, '2024/2025'),
(263, 27, 3, 4, 'ganjil', 69.00, 83.00, 63.00, 68.00, 79.00, 98.00, 77.00, 86.00, 77.00, '2024/2025'),
(264, 27, 4, 3, 'ganjil', 64.00, 73.00, 77.00, 89.00, 63.00, 82.00, 86.00, 67.00, 76.00, '2024/2025'),
(265, 27, 5, 9, 'ganjil', 97.00, 93.00, 65.00, 76.00, 94.00, 99.00, 100.00, 60.00, 75.00, '2024/2025'),
(266, 27, 6, 7, 'ganjil', 65.00, 100.00, 73.00, 87.00, 81.00, 100.00, 80.00, 90.00, 87.00, '2024/2025'),
(267, 27, 7, 13, 'ganjil', 65.00, 61.00, 95.00, 87.00, 63.00, 90.00, 72.00, 78.00, 80.00, '2024/2025'),
(268, 27, 8, 6, 'ganjil', 88.00, 72.00, 90.00, 86.00, 62.00, 79.00, 74.00, 97.00, 87.00, '2024/2025'),
(269, 27, 9, 10, 'ganjil', 64.00, 80.00, 77.00, 61.00, 90.00, 78.00, 71.00, 62.00, 67.00, '2024/2025'),
(270, 27, 10, 11, 'ganjil', 79.00, 77.00, 64.00, 97.00, 78.00, 75.00, 82.00, 63.00, 78.00, '2024/2025'),
(271, 28, 1, 10, 'ganjil', 82.00, 65.00, 87.00, 84.00, 93.00, 80.00, 60.00, 99.00, 88.00, '2024/2025'),
(272, 28, 2, 6, 'ganjil', 78.00, 77.00, 70.00, 88.00, 69.00, 97.00, 80.00, 71.00, 79.00, '2024/2025'),
(273, 28, 3, 4, 'ganjil', 68.00, 68.00, 81.00, 61.00, 60.00, 63.00, 73.00, 98.00, 76.00, '2024/2025'),
(274, 28, 4, 3, 'ganjil', 80.00, 79.00, 69.00, 61.00, 68.00, 71.00, 96.00, 100.00, 78.00, '2024/2025'),
(275, 28, 5, 9, 'ganjil', 98.00, 87.00, 72.00, 68.00, 64.00, 61.00, 91.00, 69.00, 71.00, '2024/2025'),
(276, 28, 6, 7, 'ganjil', 77.00, 80.00, 83.00, 89.00, 73.00, 82.00, 98.00, 79.00, 82.00, '2024/2025'),
(277, 28, 7, 13, 'ganjil', 83.00, 86.00, 93.00, 80.00, 87.00, 68.00, 60.00, 85.00, 83.00, '2024/2025'),
(278, 28, 8, 6, 'ganjil', 62.00, 92.00, 94.00, 68.00, 60.00, 100.00, 100.00, 85.00, 78.00, '2024/2025'),
(279, 28, 9, 10, 'ganjil', 88.00, 93.00, 95.00, 81.00, 82.00, 79.00, 65.00, 63.00, 77.00, '2024/2025'),
(280, 28, 10, 11, 'ganjil', 72.00, 99.00, 62.00, 69.00, 92.00, 100.00, 77.00, 88.00, 81.00, '2024/2025'),
(281, 29, 1, 10, 'ganjil', 98.00, 97.00, 91.00, 85.00, 75.00, 72.00, 73.00, 94.00, 89.00, '2024/2025'),
(282, 29, 2, 6, 'ganjil', 100.00, 85.00, 66.00, 75.00, 60.00, 63.00, 69.00, 84.00, 78.00, '2024/2025'),
(283, 29, 3, 4, 'ganjil', 68.00, 62.00, 64.00, 89.00, 64.00, 95.00, 98.00, 88.00, 83.00, '2024/2025'),
(284, 29, 4, 3, 'ganjil', 84.00, 80.00, 96.00, 70.00, 63.00, 100.00, 71.00, 68.00, 74.00, '2024/2025'),
(285, 29, 5, 9, 'ganjil', 85.00, 86.00, 88.00, 75.00, 87.00, 99.00, 70.00, 67.00, 77.00, '2024/2025'),
(286, 29, 6, 7, 'ganjil', 68.00, 69.00, 62.00, 77.00, 68.00, 78.00, 78.00, 71.00, 72.00, '2024/2025'),
(287, 29, 7, 13, 'ganjil', 79.00, 76.00, 72.00, 87.00, 63.00, 77.00, 83.00, 75.00, 78.00, '2024/2025'),
(288, 29, 8, 6, 'ganjil', 72.00, 67.00, 79.00, 62.00, 67.00, 66.00, 64.00, 87.00, 73.00, '2024/2025'),
(289, 29, 9, 10, 'ganjil', 62.00, 70.00, 81.00, 81.00, 72.00, 69.00, 91.00, 84.00, 79.00, '2024/2025'),
(290, 29, 10, 11, 'ganjil', 86.00, 99.00, 99.00, 61.00, 71.00, 73.00, 68.00, 77.00, 75.00, '2024/2025'),
(291, 30, 1, 10, 'ganjil', 86.00, 100.00, 67.00, 89.00, 78.00, 96.00, 71.00, 90.00, 88.00, '2024/2025'),
(292, 30, 2, 6, 'ganjil', 71.00, 95.00, 92.00, 88.00, 91.00, 98.00, 75.00, 69.00, 82.00, '2024/2025'),
(293, 30, 3, 4, 'ganjil', 95.00, 73.00, 70.00, 93.00, 88.00, 78.00, 64.00, 92.00, 89.00, '2024/2025'),
(294, 30, 4, 3, 'ganjil', 79.00, 80.00, 68.00, 91.00, 75.00, 64.00, 99.00, 87.00, 84.00, '2024/2025'),
(295, 30, 5, 9, 'ganjil', 60.00, 86.00, 65.00, 75.00, 92.00, 92.00, 62.00, 94.00, 83.00, '2024/2025'),
(296, 30, 6, 7, 'ganjil', 63.00, 100.00, 82.00, 71.00, 96.00, 85.00, 88.00, 96.00, 84.00, '2024/2025'),
(297, 30, 7, 13, 'ganjil', 60.00, 93.00, 95.00, 100.00, 73.00, 88.00, 63.00, 77.00, 86.00, '2024/2025'),
(298, 30, 8, 6, 'ganjil', 82.00, 92.00, 76.00, 68.00, 73.00, 82.00, 70.00, 63.00, 71.00, '2024/2025'),
(299, 30, 9, 10, 'ganjil', 63.00, 87.00, 100.00, 69.00, 74.00, 93.00, 60.00, 92.00, 81.00, '2024/2025'),
(300, 30, 10, 11, 'ganjil', 88.00, 60.00, 90.00, 97.00, 66.00, 97.00, 78.00, 89.00, 89.00, '2024/2025'),
(301, 31, 1, 4, 'ganjil', 86.00, 63.00, 94.00, 81.00, 67.00, 67.00, 64.00, 60.00, 72.00, '2024/2025'),
(302, 31, 2, 12, 'ganjil', 61.00, 63.00, 76.00, 62.00, 93.00, 66.00, 82.00, 95.00, 76.00, '2024/2025'),
(303, 31, 3, 11, 'ganjil', 96.00, 79.00, 83.00, 86.00, 78.00, 95.00, 77.00, 80.00, 84.00, '2024/2025'),
(304, 31, 4, 11, 'ganjil', 90.00, 75.00, 81.00, 68.00, 73.00, 95.00, 69.00, 74.00, 75.00, '2024/2025'),
(305, 31, 5, 14, 'ganjil', 90.00, 94.00, 82.00, 82.00, 88.00, 92.00, 99.00, 82.00, 84.00, '2024/2025'),
(306, 31, 6, 2, 'ganjil', 60.00, 71.00, 71.00, 89.00, 62.00, 77.00, 79.00, 63.00, 73.00, '2024/2025'),
(307, 31, 7, 11, 'ganjil', 62.00, 70.00, 81.00, 60.00, 81.00, 70.00, 93.00, 75.00, 69.00, '2024/2025'),
(308, 31, 8, 3, 'ganjil', 72.00, 76.00, 66.00, 91.00, 95.00, 100.00, 100.00, 95.00, 89.00, '2024/2025'),
(309, 31, 9, 14, 'ganjil', 63.00, 88.00, 69.00, 100.00, 100.00, 67.00, 96.00, 99.00, 92.00, '2024/2025'),
(310, 31, 10, 2, 'ganjil', 74.00, 76.00, 75.00, 63.00, 88.00, 63.00, 73.00, 61.00, 66.00, '2024/2025'),
(311, 32, 1, 4, 'ganjil', 67.00, 63.00, 61.00, 100.00, 98.00, 69.00, 82.00, 99.00, 90.00, '2024/2025'),
(312, 32, 2, 12, 'ganjil', 77.00, 61.00, 76.00, 61.00, 84.00, 97.00, 62.00, 83.00, 74.00, '2024/2025'),
(313, 32, 3, 11, 'ganjil', 73.00, 75.00, 63.00, 88.00, 90.00, 88.00, 79.00, 86.00, 84.00, '2024/2025'),
(314, 32, 4, 11, 'ganjil', 96.00, 84.00, 88.00, 68.00, 95.00, 72.00, 98.00, 70.00, 75.00, '2024/2025'),
(315, 32, 5, 14, 'ganjil', 89.00, 94.00, 61.00, 74.00, 80.00, 87.00, 100.00, 86.00, 81.00, '2024/2025'),
(316, 32, 6, 2, 'ganjil', 61.00, 95.00, 100.00, 84.00, 64.00, 82.00, 99.00, 83.00, 82.00, '2024/2025'),
(317, 32, 7, 11, 'ganjil', 69.00, 72.00, 71.00, 84.00, 61.00, 67.00, 66.00, 100.00, 84.00, '2024/2025'),
(318, 32, 8, 3, 'ganjil', 95.00, 85.00, 86.00, 85.00, 99.00, 96.00, 96.00, 96.00, 91.00, '2024/2025'),
(319, 32, 9, 14, 'ganjil', 83.00, 69.00, 62.00, 97.00, 64.00, 72.00, 95.00, 74.00, 80.00, '2024/2025'),
(320, 32, 10, 2, 'ganjil', 96.00, 83.00, 86.00, 78.00, 96.00, 77.00, 99.00, 92.00, 86.00, '2024/2025'),
(321, 33, 1, 4, 'ganjil', 73.00, 83.00, 97.00, 95.00, 90.00, 92.00, 73.00, 85.00, 89.00, '2024/2025'),
(322, 33, 2, 12, 'ganjil', 89.00, 67.00, 79.00, 77.00, 74.00, 77.00, 92.00, 68.00, 74.00, '2024/2025'),
(323, 33, 3, 11, 'ganjil', 80.00, 81.00, 87.00, 78.00, 66.00, 83.00, 72.00, 75.00, 77.00, '2024/2025'),
(324, 33, 4, 11, 'ganjil', 77.00, 100.00, 73.00, 90.00, 93.00, 89.00, 83.00, 99.00, 92.00, '2024/2025'),
(325, 33, 5, 14, 'ganjil', 63.00, 91.00, 100.00, 80.00, 90.00, 70.00, 68.00, 94.00, 86.00, '2024/2025'),
(326, 33, 6, 2, 'ganjil', 77.00, 71.00, 94.00, 76.00, 70.00, 85.00, 99.00, 74.00, 76.00, '2024/2025'),
(327, 33, 7, 11, 'ganjil', 76.00, 74.00, 89.00, 88.00, 82.00, 61.00, 88.00, 88.00, 84.00, '2024/2025'),
(328, 33, 8, 3, 'ganjil', 98.00, 85.00, 61.00, 97.00, 83.00, 71.00, 72.00, 95.00, 91.00, '2024/2025'),
(329, 33, 9, 14, 'ganjil', 62.00, 67.00, 89.00, 81.00, 88.00, 76.00, 74.00, 61.00, 73.00, '2024/2025'),
(330, 33, 10, 2, 'ganjil', 80.00, 71.00, 70.00, 85.00, 70.00, 70.00, 64.00, 95.00, 84.00, '2024/2025'),
(331, 34, 1, 4, 'ganjil', 99.00, 99.00, 84.00, 74.00, 95.00, 78.00, 91.00, 65.00, 77.00, '2024/2025'),
(332, 34, 2, 12, 'ganjil', 95.00, 93.00, 100.00, 79.00, 70.00, 60.00, 99.00, 89.00, 84.00, '2024/2025'),
(333, 34, 3, 11, 'ganjil', 99.00, 92.00, 98.00, 79.00, 77.00, 92.00, 87.00, 93.00, 88.00, '2024/2025'),
(334, 34, 4, 11, 'ganjil', 74.00, 69.00, 93.00, 63.00, 71.00, 60.00, 100.00, 98.00, 78.00, '2024/2025'),
(335, 34, 5, 14, 'ganjil', 74.00, 66.00, 62.00, 67.00, 77.00, 91.00, 80.00, 61.00, 67.00, '2024/2025'),
(336, 34, 6, 2, 'ganjil', 77.00, 71.00, 70.00, 70.00, 77.00, 75.00, 100.00, 76.00, 73.00, '2024/2025'),
(337, 34, 7, 11, 'ganjil', 75.00, 70.00, 60.00, 83.00, 60.00, 68.00, 81.00, 60.00, 70.00, '2024/2025'),
(338, 34, 8, 3, 'ganjil', 68.00, 71.00, 86.00, 90.00, 79.00, 94.00, 99.00, 98.00, 89.00, '2024/2025'),
(339, 34, 9, 14, 'ganjil', 66.00, 95.00, 62.00, 61.00, 62.00, 77.00, 69.00, 85.00, 73.00, '2024/2025'),
(340, 34, 10, 2, 'ganjil', 90.00, 60.00, 100.00, 78.00, 60.00, 64.00, 78.00, 78.00, 77.00, '2024/2025'),
(341, 35, 1, 4, 'ganjil', 96.00, 88.00, 93.00, 80.00, 64.00, 73.00, 60.00, 92.00, 85.00, '2024/2025'),
(342, 35, 2, 12, 'ganjil', 88.00, 91.00, 86.00, 93.00, 84.00, 75.00, 88.00, 89.00, 89.00, '2024/2025'),
(343, 35, 3, 11, 'ganjil', 91.00, 77.00, 90.00, 61.00, 94.00, 61.00, 91.00, 93.00, 79.00, '2024/2025'),
(344, 35, 4, 11, 'ganjil', 74.00, 65.00, 86.00, 70.00, 72.00, 100.00, 69.00, 73.00, 74.00, '2024/2025'),
(345, 35, 5, 14, 'ganjil', 93.00, 88.00, 84.00, 99.00, 95.00, 80.00, 95.00, 63.00, 83.00, '2024/2025'),
(346, 35, 6, 2, 'ganjil', 95.00, 97.00, 92.00, 83.00, 74.00, 77.00, 84.00, 81.00, 84.00, '2024/2025'),
(347, 35, 7, 11, 'ganjil', 62.00, 86.00, 87.00, 91.00, 99.00, 65.00, 72.00, 64.00, 78.00, '2024/2025'),
(348, 35, 8, 3, 'ganjil', 62.00, 83.00, 70.00, 69.00, 65.00, 75.00, 69.00, 67.00, 69.00, '2024/2025'),
(349, 35, 9, 14, 'ganjil', 74.00, 73.00, 84.00, 88.00, 89.00, 86.00, 72.00, 70.00, 80.00, '2024/2025'),
(350, 35, 10, 2, 'ganjil', 63.00, 74.00, 79.00, 64.00, 90.00, 89.00, 78.00, 88.00, 77.00, '2024/2025'),
(351, 36, 1, 11, 'ganjil', 67.00, 86.00, 81.00, 82.00, 92.00, 85.00, 88.00, 67.00, 77.00, '2024/2025'),
(352, 36, 2, 9, 'ganjil', 61.00, 68.00, 80.00, 96.00, 66.00, 85.00, 79.00, 93.00, 87.00, '2024/2025'),
(353, 36, 3, 5, 'ganjil', 98.00, 93.00, 97.00, 65.00, 76.00, 67.00, 96.00, 85.00, 79.00, '2024/2025'),
(354, 36, 4, 2, 'ganjil', 76.00, 100.00, 84.00, 71.00, 62.00, 88.00, 91.00, 96.00, 83.50, '2024/2025'),
(355, 36, 5, 11, 'ganjil', 89.00, 95.00, 66.00, 89.00, 65.00, 62.00, 79.00, 74.00, 79.00, '2024/2025'),
(356, 36, 6, 5, 'ganjil', 93.00, 95.00, 75.00, 84.00, 67.00, 67.00, 72.00, 70.00, 78.00, '2024/2025'),
(357, 36, 7, 4, 'ganjil', 99.00, 83.00, 69.00, 88.00, 60.00, 72.00, 95.00, 98.00, 88.00, '2024/2025'),
(358, 36, 8, 8, 'ganjil', 88.00, 65.00, 78.00, 64.00, 80.00, 78.00, 90.00, 78.00, 73.00, '2024/2025'),
(359, 36, 9, 8, 'ganjil', 70.00, 80.00, 82.00, 68.00, 91.00, 78.00, 60.00, 71.00, 73.00, '2024/2025'),
(360, 36, 10, 5, 'ganjil', 72.00, 85.00, 65.00, 66.00, 75.00, 72.00, 78.00, 99.00, 80.00, '2024/2025'),
(361, 37, 1, 11, 'ganjil', 69.00, 93.00, 91.00, 83.00, 67.00, 94.00, 81.00, 82.00, 83.00, '2024/2025'),
(362, 37, 2, 9, 'ganjil', 72.00, 65.00, 68.00, 92.00, 60.00, 75.00, 67.00, 84.00, 81.00, '2024/2025'),
(363, 37, 3, 5, 'ganjil', 65.00, 87.00, 89.00, 83.00, 93.00, 90.00, 94.00, 89.00, 86.00, '2024/2025'),
(364, 37, 4, 2, 'ganjil', 87.00, 83.00, 100.00, 99.00, 75.00, 76.00, 82.00, 78.00, 86.60, '2024/2025'),
(365, 37, 5, 11, 'ganjil', 65.00, 71.00, 75.00, 61.00, 83.00, 66.00, 73.00, 76.00, 70.00, '2024/2025'),
(366, 37, 6, 5, 'ganjil', 66.00, 99.00, 69.00, 76.00, 69.00, 77.00, 85.00, 83.00, 78.00, '2024/2025'),
(367, 37, 7, 4, 'ganjil', 92.00, 60.00, 72.00, 63.00, 98.00, 74.00, 91.00, 93.00, 78.00, '2024/2025'),
(368, 37, 8, 8, 'ganjil', 77.00, 94.00, 88.00, 79.00, 88.00, 99.00, 79.00, 75.00, 81.00, '2024/2025'),
(369, 37, 9, 8, 'ganjil', 91.00, 96.00, 63.00, 80.00, 72.00, 92.00, 75.00, 71.00, 78.00, '2024/2025'),
(370, 37, 10, 5, 'ganjil', 81.00, 99.00, 90.00, 85.00, 68.00, 85.00, 60.00, 97.00, 89.00, '2024/2025'),
(371, 38, 1, 11, 'ganjil', 94.00, 75.00, 100.00, 63.00, 77.00, 76.00, 77.00, 95.00, 81.00, '2024/2025'),
(372, 38, 2, 9, 'ganjil', 77.00, 96.00, 72.00, 99.00, 97.00, 86.00, 62.00, 77.00, 87.00, '2024/2025'),
(373, 38, 3, 5, 'ganjil', 91.00, 82.00, 62.00, 71.00, 70.00, 89.00, 91.00, 71.00, 74.00, '2024/2025'),
(374, 38, 4, 2, 'ganjil', 69.00, 77.00, 97.00, 0.00, 63.00, 93.00, 92.00, 69.00, 53.40, '2024/2025'),
(375, 38, 5, 11, 'ganjil', 87.00, 68.00, 75.00, 95.00, 71.00, 65.00, 75.00, 77.00, 82.00, '2024/2025'),
(376, 38, 6, 5, 'ganjil', 91.00, 72.00, 85.00, 98.00, 99.00, 83.00, 97.00, 78.00, 87.00, '2024/2025'),
(377, 38, 7, 4, 'ganjil', 99.00, 71.00, 62.00, 66.00, 100.00, 99.00, 86.00, 63.00, 72.00, '2024/2025'),
(378, 38, 8, 8, 'ganjil', 86.00, 61.00, 93.00, 67.00, 75.00, 64.00, 87.00, 100.00, 81.00, '2024/2025'),
(379, 38, 9, 8, 'ganjil', 96.00, 93.00, 97.00, 63.00, 97.00, 71.00, 83.00, 95.00, 83.00, '2024/2025'),
(380, 38, 10, 5, 'ganjil', 86.00, 69.00, 60.00, 86.00, 88.00, 83.00, 96.00, 81.00, 81.00, '2024/2025'),
(381, 39, 1, 11, 'ganjil', 62.00, 63.00, 92.00, 81.00, 81.00, 65.00, 70.00, 80.00, 78.00, '2024/2025'),
(382, 39, 2, 9, 'ganjil', 99.00, 75.00, 80.00, 61.00, 71.00, 83.00, 86.00, 64.00, 69.00, '2024/2025'),
(383, 39, 3, 5, 'ganjil', 74.00, 69.00, 80.00, 77.00, 81.00, 77.00, 96.00, 97.00, 83.00, '2024/2025'),
(384, 39, 4, 2, 'ganjil', 84.00, 60.00, 62.00, 60.00, 98.00, 65.00, 100.00, 98.00, 78.70, '2024/2025'),
(385, 39, 5, 11, 'ganjil', 72.00, 77.00, 81.00, 88.00, 74.00, 62.00, 75.00, 70.00, 77.00, '2024/2025'),
(386, 39, 6, 5, 'ganjil', 80.00, 70.00, 64.00, 64.00, 95.00, 90.00, 69.00, 60.00, 68.00, '2024/2025'),
(387, 39, 7, 4, 'ganjil', 69.00, 64.00, 69.00, 62.00, 81.00, 64.00, 70.00, 86.00, 72.00, '2024/2025'),
(388, 39, 8, 8, 'ganjil', 80.00, 69.00, 95.00, 95.00, 63.00, 60.00, 90.00, 80.00, 83.00, '2024/2025'),
(389, 39, 9, 8, 'ganjil', 85.00, 93.00, 90.00, 62.00, 69.00, 81.00, 99.00, 81.00, 76.00, '2024/2025'),
(390, 39, 10, 5, 'ganjil', 76.00, 61.00, 63.00, 69.00, 74.00, 66.00, 78.00, 71.00, 69.00, '2024/2025'),
(391, 40, 1, 11, 'ganjil', 80.00, 91.00, 77.00, 78.00, 80.00, 81.00, 72.00, 76.00, 79.00, '2024/2025'),
(392, 40, 2, 9, 'ganjil', 88.00, 80.00, 93.00, 76.00, 82.00, 62.00, 67.00, 81.00, 79.00, '2024/2025'),
(393, 40, 3, 5, 'ganjil', 63.00, 90.00, 75.00, 80.00, 92.00, 81.00, 94.00, 94.00, 85.00, '2024/2025'),
(394, 40, 4, 2, 'ganjil', 99.00, 88.00, 71.00, 61.00, 98.00, 62.00, 90.00, 86.00, 78.00, '2024/2025'),
(395, 40, 5, 11, 'ganjil', 66.00, 84.00, 79.00, 63.00, 79.00, 94.00, 83.00, 76.00, 73.00, '2024/2025'),
(396, 40, 6, 5, 'ganjil', 91.00, 91.00, 99.00, 81.00, 82.00, 61.00, 64.00, 92.00, 86.00, '2024/2025'),
(397, 40, 7, 4, 'ganjil', 73.00, 92.00, 84.00, 68.00, 66.00, 84.00, 67.00, 98.00, 82.00, '2024/2025'),
(398, 40, 8, 8, 'ganjil', 83.00, 85.00, 61.00, 91.00, 69.00, 78.00, 85.00, 79.00, 82.00, '2024/2025'),
(399, 40, 9, 8, 'ganjil', 98.00, 78.00, 64.00, 67.00, 72.00, 82.00, 63.00, 76.00, 74.00, '2024/2025'),
(400, 40, 10, 5, 'ganjil', 99.00, 93.00, 84.00, 66.00, 63.00, 100.00, 87.00, 72.00, 75.00, '2024/2025'),
(401, 41, 1, 4, 'ganjil', 75.00, 65.00, 89.00, 95.00, 81.00, 77.00, 86.00, 66.00, 79.00, '2024/2025'),
(402, 41, 2, 6, 'ganjil', 88.00, 88.00, 77.00, 92.00, 86.00, 92.00, 88.00, 64.00, 81.00, '2024/2025'),
(403, 41, 3, 5, 'ganjil', 82.00, 82.00, 86.00, 90.00, 96.00, 81.00, 71.00, 71.00, 82.00, '2024/2025'),
(404, 41, 4, 13, 'ganjil', 63.00, 71.00, 84.00, 68.00, 64.00, 67.00, 97.00, 70.00, 69.00, '2024/2025'),
(405, 41, 5, 7, 'ganjil', 83.00, 65.00, 100.00, 85.00, 74.00, 69.00, 85.00, 68.00, 77.00, '2024/2025'),
(406, 41, 6, 8, 'ganjil', 78.00, 72.00, 96.00, 90.00, 63.00, 95.00, 73.00, 96.00, 89.00, '2024/2025'),
(407, 41, 7, 8, 'ganjil', 99.00, 81.00, 100.00, 70.00, 83.00, 71.00, 72.00, 94.00, 84.00, '2024/2025'),
(408, 41, 8, 12, 'ganjil', 60.00, 83.00, 83.00, 63.00, 76.00, 77.00, 79.00, 96.00, 78.00, '2024/2025'),
(409, 41, 9, 11, 'ganjil', 60.00, 64.00, 73.00, 98.00, 66.00, 69.00, 63.00, 63.00, 76.00, '2024/2025'),
(410, 41, 10, 16, 'ganjil', 62.00, 75.00, 61.00, 63.00, 68.00, 61.00, 98.00, 75.00, 68.00, '2024/2025'),
(411, 42, 1, 4, 'ganjil', 64.00, 79.00, 85.00, 61.00, 97.00, 67.00, 74.00, 74.00, 71.00, '2024/2025'),
(412, 42, 2, 6, 'ganjil', 99.00, 85.00, 78.00, 69.00, 94.00, 70.00, 83.00, 71.00, 75.00, '2024/2025'),
(413, 42, 3, 5, 'ganjil', 82.00, 92.00, 79.00, 89.00, 78.00, 65.00, 92.00, 79.00, 82.00, '2024/2025'),
(414, 42, 4, 13, 'ganjil', 65.00, 87.00, 62.00, 95.00, 77.00, 79.00, 92.00, 60.00, 76.00, '2024/2025'),
(415, 42, 5, 7, 'ganjil', 64.00, 65.00, 64.00, 91.00, 71.00, 93.00, 78.00, 86.00, 83.00, '2024/2025'),
(416, 42, 6, 8, 'ganjil', 89.00, 78.00, 95.00, 88.00, 86.00, 88.00, 88.00, 90.00, 88.00, '2024/2025'),
(417, 42, 7, 8, 'ganjil', 75.00, 81.00, 89.00, 82.00, 69.00, 88.00, 77.00, 100.00, 87.00, '2024/2025'),
(418, 42, 8, 12, 'ganjil', 62.00, 73.00, 87.00, 83.00, 61.00, 89.00, 96.00, 89.00, 82.00, '2024/2025'),
(419, 42, 9, 11, 'ganjil', 80.00, 70.00, 86.00, 86.00, 60.00, 69.00, 88.00, 91.00, 83.00, '2024/2025'),
(420, 42, 10, 16, 'ganjil', 78.00, 84.00, 77.00, 66.00, 97.00, 63.00, 67.00, 64.00, 70.00, '2024/2025'),
(421, 43, 1, 4, 'ganjil', 89.00, 100.00, 100.00, 96.00, 76.00, 96.00, 80.00, 99.00, 96.00, '2024/2025'),
(422, 43, 2, 6, 'ganjil', 84.00, 84.00, 79.00, 70.00, 74.00, 60.00, 79.00, 79.00, 75.00, '2024/2025'),
(423, 43, 3, 5, 'ganjil', 69.00, 91.00, 67.00, 70.00, 89.00, 97.00, 79.00, 81.00, 78.00, '2024/2025'),
(424, 43, 4, 13, 'ganjil', 67.00, 66.00, 99.00, 79.00, 86.00, 81.00, 60.00, 64.00, 74.00, '2024/2025'),
(425, 43, 5, 7, 'ganjil', 90.00, 67.00, 87.00, 69.00, 62.00, 82.00, 79.00, 70.00, 72.00, '2024/2025'),
(426, 43, 6, 8, 'ganjil', 96.00, 87.00, 75.00, 93.00, 100.00, 60.00, 70.00, 90.00, 89.00, '2024/2025'),
(427, 43, 7, 8, 'ganjil', 96.00, 69.00, 70.00, 91.00, 86.00, 77.00, 68.00, 64.00, 78.00, '2024/2025'),
(428, 43, 8, 12, 'ganjil', 81.00, 60.00, 86.00, 75.00, 87.00, 83.00, 63.00, 66.00, 73.00, '2024/2025'),
(429, 43, 9, 11, 'ganjil', 65.00, 100.00, 60.00, 73.00, 74.00, 91.00, 90.00, 100.00, 84.00, '2024/2025'),
(430, 43, 10, 16, 'ganjil', 93.00, 90.00, 91.00, 81.00, 87.00, 82.00, 96.00, 69.00, 80.00, '2024/2025'),
(431, 44, 1, 4, 'ganjil', 80.00, 61.00, 77.00, 62.00, 76.00, 94.00, 83.00, 90.00, 77.00, '2024/2025'),
(432, 44, 2, 6, 'ganjil', 89.00, 73.00, 78.00, 94.00, 90.00, 75.00, 86.00, 69.00, 81.00, '2024/2025'),
(433, 44, 3, 5, 'ganjil', 75.00, 85.00, 67.00, 73.00, 81.00, 77.00, 64.00, 93.00, 81.00, '2024/2025'),
(434, 44, 4, 13, 'ganjil', 95.00, 72.00, 95.00, 100.00, 79.00, 72.00, 85.00, 76.00, 86.00, '2024/2025'),
(435, 44, 5, 7, 'ganjil', 85.00, 97.00, 78.00, 71.00, 86.00, 65.00, 71.00, 75.00, 76.00, '2024/2025'),
(436, 44, 6, 8, 'ganjil', 63.00, 62.00, 83.00, 73.00, 74.00, 86.00, 67.00, 83.00, 77.00, '2024/2025'),
(437, 44, 7, 8, 'ganjil', 60.00, 66.00, 96.00, 78.00, 72.00, 85.00, 61.00, 62.00, 72.00, '2024/2025'),
(438, 44, 8, 12, 'ganjil', 85.00, 60.00, 98.00, 67.00, 81.00, 97.00, 75.00, 69.00, 73.00, '2024/2025'),
(439, 44, 9, 11, 'ganjil', 86.00, 81.00, 74.00, 65.00, 60.00, 92.00, 99.00, 89.00, 78.00, '2024/2025'),
(440, 44, 10, 16, 'ganjil', 71.00, 79.00, 70.00, 75.00, 63.00, 65.00, 99.00, 76.00, 74.00, '2024/2025'),
(441, 45, 1, 4, 'ganjil', 68.00, 90.00, 66.00, 71.00, 74.00, 87.00, 80.00, 62.00, 70.00, '2024/2025'),
(442, 45, 2, 6, 'ganjil', 87.00, 81.00, 83.00, 68.00, 69.00, 78.00, 88.00, 63.00, 70.00, '2024/2025'),
(443, 45, 3, 5, 'ganjil', 98.00, 94.00, 82.00, 91.00, 91.00, 84.00, 65.00, 65.00, 82.00, '2024/2025'),
(444, 45, 4, 13, 'ganjil', 71.00, 68.00, 98.00, 98.00, 97.00, 90.00, 78.00, 86.00, 90.00, '2024/2025'),
(445, 45, 5, 7, 'ganjil', 66.00, 79.00, 92.00, 82.00, 73.00, 88.00, 87.00, 92.00, 85.00, '2024/2025'),
(446, 45, 6, 8, 'ganjil', 98.00, 68.00, 94.00, 64.00, 77.00, 67.00, 68.00, 69.00, 71.00, '2024/2025'),
(447, 45, 7, 8, 'ganjil', 73.00, 95.00, 91.00, 67.00, 97.00, 61.00, 70.00, 63.00, 71.00, '2024/2025'),
(448, 45, 8, 12, 'ganjil', 100.00, 61.00, 90.00, 61.00, 94.00, 81.00, 98.00, 72.00, 73.00, '2024/2025'),
(449, 45, 9, 11, 'ganjil', 90.00, 76.00, 89.00, 88.00, 75.00, 84.00, 72.00, 63.00, 78.00, '2024/2025'),
(450, 45, 10, 16, 'ganjil', 99.00, 84.00, 61.00, 79.00, 92.00, 99.00, 68.00, 67.00, 78.00, '2024/2025'),
(451, 46, 1, 14, 'ganjil', 12.00, 34.00, 100.00, 60.00, 33.00, 34.00, NULL, NULL, 32.20, '2024/2025'),
(468, 21, 4, 2, 'ganjil', 21.00, NULL, NULL, NULL, NULL, NULL, NULL, NULL, 1.40, '2025/2026'),
(469, 22, 4, 2, 'ganjil', NULL, NULL, NULL, NULL, NULL, NULL, NULL, NULL, 0.00, '2025/2026'),
(470, 23, 4, 2, 'ganjil', NULL, NULL, NULL, NULL, NULL, NULL, NULL, NULL, 0.00, '2025/2026'),
(471, 24, 4, 2, 'ganjil', NULL, NULL, NULL, NULL, NULL, NULL, NULL, NULL, 0.00, '2025/2026'),
(472, 25, 4, 2, 'ganjil', NULL, NULL, NULL, NULL, NULL, NULL, NULL, NULL, 0.00, '2025/2026');

-- --------------------------------------------------------

--
-- Table structure for table `rapot`
--

CREATE TABLE `rapot` (
  `id` int NOT NULL,
  `id_siswa` int NOT NULL,
  `tahun_ajaran` varchar(255) COLLATE utf8mb4_general_ci NOT NULL,
  `semester` enum('ganjil','genap') COLLATE utf8mb4_general_ci NOT NULL,
  `sakit` int NOT NULL DEFAULT '0',
  `izin` int NOT NULL DEFAULT '0',
  `alpha` int NOT NULL DEFAULT '0',
  `catatan_wali_kelas` text COLLATE utf8mb4_general_ci
) ENGINE=InnoDB DEFAULT CHARSET=utf8mb4 COLLATE=utf8mb4_general_ci;

--
-- Dumping data for table `rapot`
--

INSERT INTO `rapot` (`id`, `id_siswa`, `tahun_ajaran`, `semester`, `sakit`, `izin`, `alpha`, `catatan_wali_kelas`) VALUES
(1, 2, '2024/2025', 'ganjil', 0, 0, 0, 'giat lagi ya belajarnya'),
(6, 1, '2024/2025', 'ganjil', 1, 1, 2, 'tetap semangat');

-- --------------------------------------------------------

--
-- Table structure for table `siswa`
--

CREATE TABLE `siswa` (
  `id` int NOT NULL,
  `nis` varchar(255) COLLATE utf8mb4_general_ci NOT NULL,
  `nama` varchar(255) COLLATE utf8mb4_general_ci NOT NULL,
  `jenis_kelamin` enum('L','P') COLLATE utf8mb4_general_ci NOT NULL,
  `alamat` text COLLATE utf8mb4_general_ci NOT NULL,
  `ibu` varchar(255) COLLATE utf8mb4_general_ci NOT NULL,
  `ayah` varchar(255) COLLATE utf8mb4_general_ci NOT NULL,
  `wali` varchar(255) COLLATE utf8mb4_general_ci NOT NULL,
  `kontak_wali` varchar(255) COLLATE utf8mb4_general_ci NOT NULL,
  `id_kelas` int NOT NULL
) ENGINE=InnoDB DEFAULT CHARSET=utf8mb4 COLLATE=utf8mb4_general_ci;

--
-- Dumping data for table `siswa`
--

INSERT INTO `siswa` (`id`, `nis`, `nama`, `jenis_kelamin`, `alamat`, `ibu`, `ayah`, `wali`, `kontak_wali`, `id_kelas`) VALUES
(1, '43781', 'Maya Maya Maharani', 'L', 'Ds. Nadine no 7', 'Shakila Shakila Melinda', 'Cagak Cagak Maryadi', 'Rachmawati Fitri', '(+62) 235 2031 1046', 1),
(2, '70992', 'Sihombing Arta', 'L', 'Kpg. Balijan no 7', 'Yulianti Genta', 'Firgantoro Vega', 'Cahyadi Cahyadi Pradana', '(+62) 313 7992 523', 1),
(3, '33883', 'Rina Maheswari', 'P', 'Jln. Maryadi no 34', 'Palastri Lalita', 'Darijan Darijan Pangestu', 'Kayla Ningrum', '(+62) 331 2136 335', 1),
(4, '36724', 'Elvina Andriani', 'L', 'Psr. Ramadhani no 40', 'Fitri Fitri Anjani', 'Warji Warji Prakasa', 'Karen Karen Nurlaela', '(+62) 530 0166 2214', 1),
(5, '83570', 'Dewi Anjani', 'P', 'Ds. Padmasari no 56', 'Ayu Widiastuti', 'Supriyanto Bakiman', 'Nurdiyanti Zulfa', '0295 1205 439', 1),
(6, '14761', 'Jayadi Hutagalung', 'L', 'Jln. Prayoga no 7', 'Padmasari Paulin', 'Mahardika Caturangga', 'Cinta Zulaika', '0263 0021 9686', 2),
(7, '84341', 'Ifa Ifa Oktaviani', 'L', 'Psr. Ira no 35', 'Kartika Permata', 'Latif Latif Habibi', 'Amanta Lili', '(+62) 477 8072 693', 2),
(8, '86439', 'Prastuti Carla', 'P', 'Jln. Fujiati no 65', 'Dwi Dwi Laksita', 'Januar Caturangga', 'Anom Sirait', '(+62) 958 3923 2522', 2),
(9, '13155', 'Halima Halima Nuraini', 'P', 'Kpg. Tasdik no 19', 'Melani Melani Permata', 'Nainggolan Harimurti', 'Pradipta Mahesa', '0204 4396 996', 2),
(10, '64265', 'Janet Wijayanti', 'P', 'Jr. Yani no 34', 'Nurdiyanti Zamira', 'Endra Mandala', 'Silvia Hastuti', '0388 3131 6670', 2),
(11, '80128', 'Anjani Kamaria', 'P', 'Jr. Rachmawati no 5', 'Ganesha Ganesha Aurelia', 'Kunthara Haikal', 'Melani Wulan', '0778 6536 172', 3),
(12, '10282', 'Asman Wahyudin', 'P', 'Ds. Ivan no 6', 'Zamira Zamira Fernanda', 'Perkasa Kuswoyo', 'Zalindra Zalindra Yuliarti', '(+62) 218 6253 1053', 3),
(13, '25362', 'Tamba Abyasa', 'L', 'Jr. Luthfi no 10', 'Sarah Sudiati', 'Nanda Garda', 'Malika Salsabilla', '(+62) 257 6373 670', 3),
(14, '28590', 'Cakrajiya Cakrajiya Faresta', 'L', 'Ds. Endah no 79', 'Fathina Pratiwi', 'Kenes Narpati', 'Firmansyah Kayun', '0274 8403 7719', 3),
(15, '99330', 'Shakila Permata', 'P', 'Ki. Baktianto no 1', 'Irma Riyanti', 'Murti Murti Permadi', 'Septi Septi Nurlaela', '0350 9003 3174', 3),
(16, '17342', 'Purwadi Kurnia', 'P', 'Psr. Yani no 31', 'Rina Purwanti', 'Kenzie Airlangga', 'Hana Mandasari', '0294 4513 275', 4),
(17, '74799', 'Andriani Elma', 'L', 'Ki. Hastuti no 87', 'Devi Fernanda', 'Bagaskara Dimas', 'Michelle Damayanti', '(+62) 417 6932 028', 4),
(18, '83804', 'Haryanti Kayla', 'P', 'Ds. Edison no 13', 'Lestari Yunita', 'Hidayat Among', 'Aisyah Aisyah Anggraini', '0385 9137 531', 4),
(19, '27719', 'Novita Haryanti', 'P', 'Ki. Maimunah no 5', 'Andriani Dinda', 'Legawa Legawa Nugraha', 'Hamima Hamima Salsabilla', '0817 026 429', 4),
(20, '29207', 'Dariati Dariati Nababan', 'P', 'Kpg. Darmawan no 3', 'Hassanah Alika', 'Hardiansyah Dwi', 'Laila Ningrum', '0449 2173 6476', 4),
(21, '67653', 'Tarihoran Dono', 'L', 'Ki. Rendy no 45', 'Janet Janet Zahrah', 'Firmansyah Harsaya', 'Prayogo Hidayat', '0349 3546 4622', 5),
(22, '21877', 'Eka Eka Palastri', 'L', 'Jln. Faresta no 2', 'Rachel Mahestri', 'Saragih Ajiman', 'Galur Prasasta', '(+62) 27 9980 695', 5),
(23, '27942', 'Clara Rahayu', 'P', 'Ds. Usada no 6', 'Azalea Juwita', 'Pangeran Wacana', 'Tiara Tiara Hariyah', '(+62) 300 2483 891', 5),
(24, '23271', 'Kusuma Kusuma Prasasta', 'L', 'Kpg. Putra no 7', 'Tsabita Melani', 'Asmianto Asmianto Zulkarnain', 'Gilda Ardiyanti', '0408 8375 1464', 5),
(25, '89655', 'Amelia Suartini', 'P', 'Jr. Olga no 9', 'Calista Ramadhani', 'Rajasa Tasdik', 'Puspita Hesti', '(+62) 384 8401 3059', 5),
(26, '91521', 'Rosalina Winarsih', 'P', 'Jr. Mustofa no 2', 'Kuswandari Yessi', 'Asmadi Asmadi Salahudin', 'Siska Siska Palastri', '0205 9813 436', 6),
(27, '74037', 'Yulianto Putu', 'P', 'Gg. Melani no 5', 'Ananda Pia', 'Sabian Kenes', 'Linda Puspasari', '0231 9642 139', 6),
(28, '68192', 'Kairav Ramadan', 'P', 'Psr. Ade no 84', 'Linda Harini', 'Kenes Kenes Setiawan', 'Bancar Hutasoit', '0257 7571 768', 6),
(29, '39017', 'Kurniawan Endra', 'L', 'Ki. Jati no 39', 'Devi Melinda', 'Harjasa Agustian', 'Lili Saraswati', '(+62) 940 5115 100', 6),
(30, '49341', 'Hendra Hendra Prayoga', 'L', 'Ki. Winarsih no 63', 'Yuniar Sabrina', 'Gunarto Bagus', 'Drajat Drajat Prasetya', '0782 5449 845', 6),
(31, '94574', 'Ibrani Arifin', 'P', 'Gg. Sihotang no 53', 'Anggraini Ellis', 'Waluyo Saka', 'Karimah Winarsih', '0529 7509 788', 7),
(32, '51953', 'Lazuardi Cengkal', 'L', 'Dk. Yuliana no 96', 'Ana Riyanti', 'Sihombing Jagaraga', 'Pradana Mulyono', '(+62) 20 2388 780', 7),
(33, '29709', 'Eli Hariyah', 'P', 'Jln. Irawan no 2', 'Lailasari Rita', 'Yoga Hermawan', 'Gunawan Maryadi', '0809 8041 6146', 7),
(34, '69879', 'Tantri Tantri Uyainah', 'L', 'Kpg. Luhung no 81', 'Iriana Mayasari', 'Nashiruddin Bajragin', 'Pertiwi Septi', '025 1290 0621', 7),
(35, '59730', 'Yuliarti Devi', 'P', 'Ds. Pranata no 3', 'Talia Talia Azzahra', 'Rama Tamba', 'Tari Tari Sudiati', '(+62) 277 6207 439', 7),
(36, '36092', 'Namaga Fitriani', 'P', 'Dk. Sarah no 1', 'Rahmawati Zizi', 'Emil Haikal', 'Emas Samosir', '0933 6344 965', 8),
(37, '64834', 'Rafid Prasetya', 'P', 'Ki. Utama no 55', 'Yolanda Zulaikha', 'Aris Pradana', 'Nurlaela Puspa', '0712 9286 615', 8),
(38, '45619', 'Jarwa Jarwa Perdana', 'P', 'Psr. Tirta no 49', 'Eli Nasyiah', 'Himawan Soleh', 'Lala Lala Pertiwi', '(+62) 829 3303 840', 8),
(39, '66859', 'Ardiyanti Julia', 'L', 'Ds. Tasnim no 8', 'Riyanti Kamila', 'Fabian Lamar', 'Adika Adika Maheswara', '0556 4143 830', 8),
(40, '21029', 'Vanya Afifah', 'L', 'Ds. Imam no 90', 'Paulin Yuliarti', 'Himawan Prabawa', 'Firgantoro Catur', '0430 5770 7904', 8),
(41, '73376', 'Cici Cici Salma', 'L', 'Jr. Linda no 1', 'Salwa Salwa Kusuma', 'Damu Damu Handoko', 'Aswandi Margana', '0455 4475 456', 9),
(42, '24604', 'Mayasari Samiah', 'P', 'Ki. Puspa no 11', 'Maharani Indira', 'Bakiono Bakiono Prasetyo', 'Nur Nur Zulaika', '(+62) 335 9841 340', 9),
(43, '59304', 'Yanuar Luwes', 'P', 'Kpg. Naradi no 18', 'Gilda Gilda Aqila', 'Sudrajat Adika', 'Zelaya Ardiyanti', '022 1281 5995', 9),
(44, '82079', 'Tami Permata', 'L', 'Gg. Juwita no 1', 'Janet Rahmawati', 'Suwarno Cayadi', 'Lestari Lestari Yolanda', '0747 5721 3200', 9),
(45, '73441', 'Kusmawati Silvia', 'P', 'Jln. Lutfan no 10', 'Wijayanti Rika', 'Syahreza Yosef', 'Bambang Lazuardi', '0569 7534 497', 9),
(46, '102301231', 'aditto', 'L', 'Jl. Percik', 'pertendes', 'adonis', 'Jokiningers', '923781293791283', 1),
(47, '131231', 'Wardana', 'L', 'nskjndkjasnd', 'sadasda', 'asdasda', 'asdasdasdaasdas', 'asdasdasd', 2),
(48, '2312312', 'Renata Basori', 'P', 'Jl. Armadillo 8', 'Wardani', 'Wardidy', 'Wartono', '08797982321', 2);

-- --------------------------------------------------------

--
-- Table structure for table `users`
--

CREATE TABLE `users` (
  `id` int NOT NULL,
  `nama` varchar(255) COLLATE utf8mb4_general_ci NOT NULL,
  `nip` varchar(255) COLLATE utf8mb4_general_ci NOT NULL,
  `password` varchar(255) COLLATE utf8mb4_general_ci NOT NULL,
  `role` enum('admin','guru') COLLATE utf8mb4_general_ci NOT NULL DEFAULT 'guru',
  `wali_kelas` tinyint(1) NOT NULL DEFAULT '0'
) ENGINE=InnoDB DEFAULT CHARSET=utf8mb4 COLLATE=utf8mb4_general_ci;

--
-- Dumping data for table `users`
--

INSERT INTO `users` (`id`, `nama`, `nip`, `password`, `role`, `wali_kelas`) VALUES
(1, 'Administrator', 'admin123', '$2a$10$GKyyt1Sx5r4kONFkF3e3I.vRhNJ2pPayZHwkB0y1APo/svYs.4S6.', 'admin', 0),
(2, 'Nurlaela Cinta', '1234567890', '$2a$10$mXw7xeLrhjxnp.uutpSkZ.p4.FJD73w7ybMl3MSwZZWsm4S3DXCm2', 'guru', 1),
(3, 'Ardiyanti Paris', '1234567891', '$2a$10$lIqkXMBVOhslN3Je1dSQQ.2iJbLom3ABpas4QvGKcbmfYlSMK4Xbq', 'guru', 1),
(4, 'Halim Simbolon', '1234567892', '$2a$10$mTua9797BMhDXZifnEkW3uOBwmZibJTEShyNA4MV1lTDo3npazpMq', 'guru', 1),
(5, 'Noviana Fujiati', '1234567893', '$2a$10$dPCJHIXd4/F8.8kr54Em6ODkzgzlQOV0MeK4Xv.uvEUQxdVocKc1O', 'guru', 1),
(6, 'Farhunnisa Farhunnisa Wahyuni', '1234567894', '$2a$10$Mi8o4MaQGwaTV.R/DDdy2OiQcy.qVvDpERDCDrAOx20GfrXoAdR9q', 'guru', 1),
(7, 'Murti Manullang', '1234567895', '$2a$10$ljK40/n.y.1Lk3z9o9hlQuskhRCyJdSPYw2vAbstw9xi35nrj0xUq', 'guru', 1),
(8, 'Halim Cakrawala', '1234567896', '$2a$10$dEz7WHaVfxPKXtTsPgKqd.E49yc8R8T8eNa/dCcCzv5qHV/s0.Bwi', 'guru', 1),
(9, 'Lestari Lestari Rachmawati', '1234567897', '$2a$10$tg1Ls2zoNHosX6VP0jAawej26NocintYVl8urxz8bEtM6g/4XgLKC', 'guru', 1),
(10, 'Oktovian Harjaya', '1234567898', '$2a$10$09V1Yip33r4C1WLKV.DPwuZdkx.yMGrsoVt5Dtw7ZQ2SKK/XxIQBW', 'guru', 1),
(11, 'Sherly Sudiati', '1234567899', '$2a$10$Vrbf.BYwE7T9y22uKdDXd.7h.9GMLuPeRjvIG7iHeRh5QAYAGNx12', 'guru', 0),
(12, 'Danu Winarno', '1234567900', '$2a$10$Z/gV8Qvmrm8GsK5giNzRgOuTXDXRGOoO5Zlbott0khyT6d9vLOPkG', 'guru', 0),
(13, 'Nanda Warji', '1234567901', '$2a$10$ZpXRhu5KgDf9lQe/K8nwAuxyZt4nPCy58eU3oN8qpdFC7AUUa/tlW', 'guru', 0),
(14, 'Halim Joko', '1234567902', '$2a$10$5/D7SosmEOp8.xkzo7HSfeAfhjFi.UR1uuXAL5dLSXpT9jaKDo712', 'guru', 0),
(15, 'Abimanyu Adiarja', '1234567903', '$2a$10$6H9HFuYynbDc2stwT/Oq5ej6FeHK.J2yyzu6ouwPvluhbM5DQb1FW', 'guru', 0),
(16, 'Dewi Dewi Yolanda', '1234567904', '$2a$10$/3fuO4nx4n2EAriDKVWqb.b8lmIyDPic/I4Lqm2Ie2WDkt15Ns4r.', 'guru', 0);

--
-- Indexes for dumped tables
--

--
-- Indexes for table `guru_mata_pelajaran`
--
ALTER TABLE `guru_mata_pelajaran`
  ADD PRIMARY KEY (`id`),
  ADD UNIQUE KEY `guru_mata_pelajaran_id_guru_id_mapel_id_kelas` (`id_guru`,`id_mapel`,`id_kelas`),
  ADD KEY `id_mapel` (`id_mapel`),
  ADD KEY `id_kelas` (`id_kelas`);

--
-- Indexes for table `kelas`
--
ALTER TABLE `kelas`
  ADD PRIMARY KEY (`id`),
  ADD KEY `id_guru` (`id_guru`);

--
-- Indexes for table `mata_pelajaran`
--
ALTER TABLE `mata_pelajaran`
  ADD PRIMARY KEY (`id`);

--
-- Indexes for table `penilaian`
--
ALTER TABLE `penilaian`
  ADD PRIMARY KEY (`id`),
  ADD UNIQUE KEY `penilaian_id_siswa_id_mapel_semester_tahun_ajaran` (`id_siswa`,`id_mapel`,`semester`,`tahun_ajaran`),
  ADD KEY `id_mapel` (`id_mapel`),
  ADD KEY `id_guru` (`id_guru`);

--
-- Indexes for table `rapot`
--
ALTER TABLE `rapot`
  ADD PRIMARY KEY (`id`),
  ADD UNIQUE KEY `rapot_id_siswa_tahun_ajaran_semester` (`id_siswa`,`tahun_ajaran`,`semester`);

--
-- Indexes for table `siswa`
--
ALTER TABLE `siswa`
  ADD PRIMARY KEY (`id`),
  ADD UNIQUE KEY `nis` (`nis`),
  ADD UNIQUE KEY `nis_2` (`nis`),
  ADD UNIQUE KEY `nis_3` (`nis`),
  ADD UNIQUE KEY `nis_4` (`nis`),
  ADD UNIQUE KEY `nis_5` (`nis`),
  ADD UNIQUE KEY `nis_6` (`nis`),
  ADD UNIQUE KEY `nis_7` (`nis`),
  ADD UNIQUE KEY `nis_8` (`nis`),
  ADD UNIQUE KEY `nis_9` (`nis`),
  ADD UNIQUE KEY `nis_10` (`nis`),
  ADD UNIQUE KEY `nis_11` (`nis`),
  ADD KEY `id_kelas` (`id_kelas`);

--
-- Indexes for table `users`
--
ALTER TABLE `users`
  ADD PRIMARY KEY (`id`),
  ADD UNIQUE KEY `nip` (`nip`),
  ADD UNIQUE KEY `nip_2` (`nip`),
  ADD UNIQUE KEY `nip_3` (`nip`),
  ADD UNIQUE KEY `nip_4` (`nip`),
  ADD UNIQUE KEY `nip_5` (`nip`),
  ADD UNIQUE KEY `nip_6` (`nip`),
  ADD UNIQUE KEY `nip_7` (`nip`),
  ADD UNIQUE KEY `nip_8` (`nip`),
  ADD UNIQUE KEY `nip_9` (`nip`),
  ADD UNIQUE KEY `nip_10` (`nip`),
  ADD UNIQUE KEY `nip_11` (`nip`),
  ADD UNIQUE KEY `nip_12` (`nip`),
  ADD UNIQUE KEY `nip_13` (`nip`);

--
-- AUTO_INCREMENT for dumped tables
--

--
-- AUTO_INCREMENT for table `guru_mata_pelajaran`
--
ALTER TABLE `guru_mata_pelajaran`
  MODIFY `id` int NOT NULL AUTO_INCREMENT, AUTO_INCREMENT=91;

--
-- AUTO_INCREMENT for table `kelas`
--
ALTER TABLE `kelas`
  MODIFY `id` int NOT NULL AUTO_INCREMENT, AUTO_INCREMENT=10;

--
-- AUTO_INCREMENT for table `mata_pelajaran`
--
ALTER TABLE `mata_pelajaran`
  MODIFY `id` int NOT NULL AUTO_INCREMENT, AUTO_INCREMENT=11;

--
-- AUTO_INCREMENT for table `penilaian`
--
ALTER TABLE `penilaian`
  MODIFY `id` int NOT NULL AUTO_INCREMENT, AUTO_INCREMENT=473;

--
-- AUTO_INCREMENT for table `rapot`
--
ALTER TABLE `rapot`
  MODIFY `id` int NOT NULL AUTO_INCREMENT, AUTO_INCREMENT=8;

--
-- AUTO_INCREMENT for table `siswa`
--
ALTER TABLE `siswa`
  MODIFY `id` int NOT NULL AUTO_INCREMENT, AUTO_INCREMENT=49;

--
-- AUTO_INCREMENT for table `users`
--
ALTER TABLE `users`
  MODIFY `id` int NOT NULL AUTO_INCREMENT, AUTO_INCREMENT=17;

--
-- Constraints for dumped tables
--

--
-- Constraints for table `guru_mata_pelajaran`
--
ALTER TABLE `guru_mata_pelajaran`
  ADD CONSTRAINT `guru_mata_pelajaran_ibfk_31` FOREIGN KEY (`id_guru`) REFERENCES `users` (`id`) ON DELETE CASCADE ON UPDATE CASCADE,
  ADD CONSTRAINT `guru_mata_pelajaran_ibfk_32` FOREIGN KEY (`id_mapel`) REFERENCES `mata_pelajaran` (`id`) ON DELETE CASCADE ON UPDATE CASCADE,
  ADD CONSTRAINT `guru_mata_pelajaran_ibfk_33` FOREIGN KEY (`id_kelas`) REFERENCES `kelas` (`id`) ON DELETE CASCADE ON UPDATE CASCADE;

--
-- Constraints for table `kelas`
--
ALTER TABLE `kelas`
  ADD CONSTRAINT `kelas_ibfk_1` FOREIGN KEY (`id_guru`) REFERENCES `users` (`id`) ON DELETE SET NULL ON UPDATE CASCADE;

--
-- Constraints for table `penilaian`
--
ALTER TABLE `penilaian`
  ADD CONSTRAINT `penilaian_ibfk_31` FOREIGN KEY (`id_siswa`) REFERENCES `siswa` (`id`) ON DELETE CASCADE ON UPDATE CASCADE,
  ADD CONSTRAINT `penilaian_ibfk_32` FOREIGN KEY (`id_mapel`) REFERENCES `mata_pelajaran` (`id`) ON DELETE CASCADE ON UPDATE CASCADE,
  ADD CONSTRAINT `penilaian_ibfk_33` FOREIGN KEY (`id_guru`) REFERENCES `users` (`id`) ON DELETE CASCADE ON UPDATE CASCADE;

--
-- Constraints for table `rapot`
--
ALTER TABLE `rapot`
  ADD CONSTRAINT `rapot_ibfk_1` FOREIGN KEY (`id_siswa`) REFERENCES `siswa` (`id`) ON DELETE CASCADE ON UPDATE CASCADE;

--
-- Constraints for table `siswa`
--
ALTER TABLE `siswa`
  ADD CONSTRAINT `siswa_ibfk_1` FOREIGN KEY (`id_kelas`) REFERENCES `kelas` (`id`) ON DELETE CASCADE ON UPDATE CASCADE;
COMMIT;

/*!40101 SET CHARACTER_SET_CLIENT=@OLD_CHARACTER_SET_CLIENT */;
/*!40101 SET CHARACTER_SET_RESULTS=@OLD_CHARACTER_SET_RESULTS */;
/*!40101 SET COLLATION_CONNECTION=@OLD_COLLATION_CONNECTION */;
